sentence,tokens,bio_tags
{route_length: 8.0 km} ending {end_location: yad harutzim} {loca_end_num: 83},"8.0, km, ending, yad, harutzim, 83","B-route_length, I-route_length, O, B-end_location, I-end_location, B-loca_end_num"
"Want to run past {end_location: jabotinsky} {loca_end_num: 15}, maybe {route_length: 10 km} total?","Want, to, run, past, jabotinsky, 15, ,, maybe, 10, km, total?","O, O, O, O, B-end_location, B-loca_end_num, O, O, B-route_length, I-route_length, O"
recommend safe running route,"recommend, safe, running, route","O, O, O, O"
Meeting friends for a run - what's a good {route_length: 19.0 kilometers} route near {start_location: haeucalyptus} {loca_start_num: 42}?,"Meeting, friends, for, a, run, -, what's, a, good, 19.0, kilometers, route, near, haeucalyptus, 42, ?","O, O, O, O, O, O, O, O, O, B-route_length, I-route_length, O, O, B-start_location, B-loca_start_num, O"
need {difficulty: flat and easy} morning run,"need, flat, and, easy, morning, run","O, B-difficulty, I-difficulty, I-difficulty, O, O"
"Need some hills in my life, {route_length: 14.0 kilometers} route from {start_location: poland} {loca_start_num: 52}?","Need, some, hills, in, my, life,, 14.0, kilometers, route, from, poland, 52, ?","O, O, O, O, O, O, B-route_length, I-route_length, O, O, B-start_location, B-loca_start_num, O"
Feeling good need a {difficulty: very hard} route,"Feeling, good, need, a, very, hard, route","O, O, O, O, B-difficulty, I-difficulty, O"
{difficulty: flat and easy} {route_length: 1-3 km} path starting {start_location: jerusalem boulevard} {loca_start_num: 86} ending {end_location: queen esther} {loca_end_num: 56},"flat, and, easy, 1-3, km, path, starting, jerusalem, boulevard, 86, ending, queen, esther, 56","B-difficulty, I-difficulty, I-difficulty, B-route_length, I-route_length, O, O, B-start_location, I-start_location, B-loca_start_num, O, B-end_location, I-end_location, B-loca_end_num"
"{start_location: ha'shayarot} {loca_start_num: 14} to {end_location: gila almagor street} {loca_end_num: 50}, {difficulty: very hard} {route_length: 15-20 km} please and thank you!","ha'shayarot, 14, to, gila, almagor, street, 50, ,, very, hard, 15-20, km, please, and, thank, you!","B-start_location, B-loca_start_num, O, B-end_location, I-end_location, I-end_location, B-loca_end_num, O, B-difficulty, I-difficulty, B-route_length, I-route_length, O, O, O, O"
need {route_length: 5.0 kilometers} path near the water,"need, 5.0, kilometers, path, near, the, water","O, B-route_length, I-route_length, O, O, O, O"
{difficulty: intense} running track please,"intense, running, track, please","B-difficulty, O, O, O"
"Training for my first 5k, need a {route_length: 250 meters} route near {start_location: open university street} {loca_start_num: 33}","Training, for, my, first, 5k,, need, a, 250, meters, route, near, open, university, street, 33","O, O, O, O, O, O, O, B-route_length, I-route_length, O, O, B-start_location, I-start_location, I-start_location, B-loca_start_num"
need {difficulty: somewhat tough} morning run,"need, somewhat, tough, morning, run","O, B-difficulty, I-difficulty, O, O"
Gimme a {difficulty: hard} route around {route_length: 16 km} near {start_location: ramban street} {loca_start_num: 18},"Gimme, a, hard, route, around, 16, km, near, ramban, street, 18","O, O, B-difficulty, O, O, B-route_length, I-route_length, O, B-start_location, I-start_location, B-loca_start_num"
I want a {difficulty: easy} route to {end_location: ethiopia street} {loca_end_num: 83}.,"I, want, a, easy, route, to, ethiopia, street, 83, .","O, O, O, B-difficulty, O, O, B-end_location, I-end_location, B-loca_end_num, O"
Looking for a nice running route that's good for beginners,"Looking, for, a, nice, running, route, that's, good, for, beginners","O, O, O, O, O, O, O, O, O, O"
"My usual route is boring, need a {difficulty: slightly challenging} {route_length: 3.5 kilometers} alternative from {start_location: leah goldberg} {loca_start_num: 58}","My, usual, route, is, boring,, need, a, slightly, challenging, 3.5, kilometers, alternative, from, leah, goldberg, 58","O, O, O, O, O, O, O, B-difficulty, I-difficulty, B-route_length, I-route_length, O, O, B-start_location, I-start_location, B-loca_start_num"
{start_location: acacia valley} {loca_start_num: 13} to {end_location: harotem street} {loca_end_num: 73},"acacia, valley, 13, to, harotem, street, 73","B-start_location, I-start_location, B-loca_start_num, O, B-end_location, I-end_location, B-loca_end_num"
"Need a route that includes {end_location: ramban street} {loca_end_num: 12}, around {route_length: 13 kilometers}","Need, a, route, that, includes, ramban, street, 12, ,, around, 13, kilometers","O, O, O, O, O, B-end_location, I-end_location, B-loca_end_num, O, O, B-route_length, I-route_length"
"{start_location: this place} to {end_location: arthur ruppin street} {loca_end_num: 71}, {route_length: 12.5 km} please","this, place, to, arthur, ruppin, street, 71, ,, 12.5, km, please","B-start_location, I-start_location, O, B-end_location, I-end_location, I-end_location, B-loca_end_num, O, B-route_length, I-route_length, O"
{difficulty: intense} from {start_location: shenkar},"intense, from, shenkar","B-difficulty, O, B-start_location"
need {route_length: 900 meters} {difficulty: hard},"need, 900, meters, hard","O, B-route_length, I-route_length, B-difficulty"
recommend safe running areas please,"recommend, safe, running, areas, please","O, O, O, O, O"
Can you suggest a {difficulty: very easy} run that spans {route_length: 500 meters}?,"Can, you, suggest, a, very, easy, run, that, spans, 500, meters, ?","O, O, O, O, B-difficulty, I-difficulty, O, O, O, B-route_length, I-route_length, O"
Long run day - need a {difficulty: challenging} {route_length: ultra marathon length} route from {start_location: innovation district} {loca_start_num: 60},"Long, run, day, -, need, a, challenging, ultra, marathon, length, route, from, innovation, district, 60","O, O, O, O, O, O, B-difficulty, B-route_length, I-route_length, I-route_length, O, O, B-start_location, I-start_location, B-loca_start_num"
Trying to find a good {route_length: 9.0 km} run near {start_location: textile} {loca_start_num: 22},"Trying, to, find, a, good, 9.0, km, run, near, textile, 22","O, O, O, O, O, B-route_length, I-route_length, O, O, B-start_location, B-loca_start_num"
want {difficulty: easy} run {route_length: very long} starting point {start_location: acre} {loca_start_num: 57} endpoint {end_location: hashmonaim} {loca_end_num: 66},"want, easy, run, very, long, starting, point, acre, 57, endpoint, hashmonaim, 66","O, B-difficulty, O, B-route_length, I-route_length, O, O, B-start_location, B-loca_start_num, O, B-end_location, B-loca_end_num"
Stroller friendly route needed around {start_location: this place},"Stroller, friendly, route, needed, around, this, place","O, O, O, O, O, B-start_location, I-start_location"
im new here where should i run?,"im, new, here, where, should, i, run?","O, O, O, O, O, O, O"
On vacation but need to run {route_length: 3 km} near {start_location: tzfania street} {loca_start_num: 78},"On, vacation, but, need, to, run, 3, km, near, tzfania, street, 78","O, O, O, O, O, O, B-route_length, I-route_length, O, B-start_location, I-start_location, B-loca_start_num"
Planning my weekend fitness routine and need a nice {route_length: 9 kilometers} path with some interesting city views,"Planning, my, weekend, fitness, routine, and, need, a, nice, 9, kilometers, path, with, some, interesting, city, views","O, O, O, O, O, O, O, O, O, B-route_length, I-route_length, O, O, O, O, O, O"
"Plan a route from {start_location: prophets} {loca_start_num: 20}, and make it {route_length: 11.0 km}.","Plan, a, route, from, prophets, 20, ,, and, make, it, 11.0, km, .","O, O, O, O, B-start_location, B-loca_start_num, O, O, O, O, B-route_length, I-route_length, O"
Need to get {route_length: 17.5 km} in from {start_location: moshe sharett street} {loca_start_num: 34},"Need, to, get, 17.5, km, in, from, moshe, sharett, street, 34","O, O, O, B-route_length, I-route_length, O, O, B-start_location, I-start_location, I-start_location, B-loca_start_num"
"Need some hills in my life, {route_length: 16 km} route from {start_location: bethlehem road} {loca_start_num: 37}?","Need, some, hills, in, my, life,, 16, km, route, from, bethlehem, road, 37, ?","O, O, O, O, O, O, B-route_length, I-route_length, O, O, B-start_location, I-start_location, B-loca_start_num, O"
Need a {difficulty: somewhat tough} training route that's about {route_length: short} starting from {start_location: david} {loca_start_num: 98} and ending at {end_location: bar ilan street} {loca_end_num: 36} - preparing for an upcoming marathon,"Need, a, somewhat, tough, training, route, that's, about, short, starting, from, david, 98, and, ending, at, bar, ilan, street, 36, -, preparing, for, an, upcoming, marathon","O, O, B-difficulty, I-difficulty, O, O, O, O, B-route_length, O, O, B-start_location, B-loca_start_num, O, O, O, B-end_location, I-end_location, I-end_location, B-loca_end_num, O, O, O, O, O, O"
I need a route ending at {end_location: lions gate street} {loca_end_num: 47} that covers {route_length: 1-3 km}.,"I, need, a, route, ending, at, lions, gate, street, 47, that, covers, 1-3, km, .","O, O, O, O, O, O, B-end_location, I-end_location, I-end_location, B-loca_end_num, O, O, B-route_length, I-route_length, O"
need quick morning run suggestion,"need, quick, morning, run, suggestion","O, O, O, O, O"
"Half marathon prep, looking for a {difficulty: intense} {route_length: 12.0 km} from {start_location: prophets street} {loca_start_num: 81}","Half, marathon, prep,, looking, for, a, intense, 12.0, km, from, prophets, street, 81","O, O, O, O, O, O, B-difficulty, B-route_length, I-route_length, O, B-start_location, I-start_location, B-loca_start_num"
"Crew run day, need a {route_length: 13.5 kilometers} route with photo ops near {start_location: tal brody} {loca_start_num: 64}","Crew, run, day,, need, a, 13.5, kilometers, route, with, photo, ops, near, tal, brody, 64","O, O, O, O, O, B-route_length, I-route_length, O, O, O, O, O, B-start_location, I-start_location, B-loca_start_num"
"{start_location: rabbi akiva} {loca_start_num: 8} to {end_location: hakurkum street} {loca_end_num: 91}, {difficulty: very easy} please","rabbi, akiva, 8, to, hakurkum, street, 91, ,, very, easy, please","B-start_location, I-start_location, B-loca_start_num, O, B-end_location, I-end_location, B-loca_end_num, O, B-difficulty, I-difficulty, O"
Where should I run today?,"Where, should, I, run, today?","O, O, O, O, O"
Good morning! I've just moved to Tel Aviv and I'm looking for a nice running route that shows off the best parts of the city - any suggestions?,"Good, morning!, I've, just, moved, to, Tel, Aviv, and, I'm, looking, for, a, nice, running, route, that, shows, off, the, best, parts, of, the, city, -, any, suggestions?","O, O, O, O, O, O, O, O, O, O, O, O, O, O, O, O, O, O, O, O, O, O, O, O, O, O, O, O"
{difficulty: somewhat tough} {route_length: 3 kilometers} from {start_location: hapisga street} {loca_start_num: 44} to {end_location: innovation street} {loca_end_num: 63},"somewhat, tough, 3, kilometers, from, hapisga, street, 44, to, innovation, street, 63","B-difficulty, I-difficulty, B-route_length, I-route_length, O, B-start_location, I-start_location, B-loca_start_num, O, B-end_location, I-end_location, B-loca_end_num"
hey can you help me find a nice running track?,"hey, can, you, help, me, find, a, nice, running, track?","O, O, O, O, O, O, O, O, O, O"
need {difficulty: very hard} route about {route_length: 6.5 kilometers},"need, very, hard, route, about, 6.5, kilometers","O, B-difficulty, I-difficulty, O, O, B-route_length, I-route_length"
experienced runner looking for {difficulty: hard} route about {route_length: 1 km},"experienced, runner, looking, for, hard, route, about, 1, km","O, O, O, O, B-difficulty, O, O, B-route_length, I-route_length"
"Running late but gotta get my miles in, quick {route_length: 14.0 kilometers} route from {start_location: oasis street} {loca_start_num: 76}?","Running, late, but, gotta, get, my, miles, in,, quick, 14.0, kilometers, route, from, oasis, street, 76, ?","O, O, O, O, O, O, O, O, O, B-route_length, I-route_length, O, O, B-start_location, I-start_location, B-loca_start_num, O"
"Hi! I've been running for years and need a {difficulty: challenging} training route that's about {route_length: 5.5 kilometers}, starting from my apartment on {start_location: ein gedi street}","Hi!, I've, been, running, for, years, and, need, a, challenging, training, route, that's, about, 5.5, kilometers, ,, starting, from, my, apartment, on, ein, gedi, street","O, O, O, O, O, O, O, O, O, B-difficulty, O, O, O, O, B-route_length, I-route_length, O, O, O, O, O, O, B-start_location, I-start_location, I-start_location"
Looking for a {route_length: 10-15 km} route with {difficulty: medium} intensity that shows off the best parts of Tel Aviv,"Looking, for, a, 10-15, km, route, with, medium, intensity, that, shows, off, the, best, parts, of, Tel, Aviv","O, O, O, B-route_length, I-route_length, O, O, B-difficulty, O, O, O, O, O, O, O, O, O, O"
plz plan {difficulty: moderate effort} path {route_length: 3 km} from {start_location: old city market street} {loca_start_num: 90} 2 {end_location: bar ilan} {loca_end_num: 26},"plz, plan, moderate, effort, path, 3, km, from, old, city, market, street, 90, 2, bar, ilan, 26","O, O, B-difficulty, I-difficulty, O, B-route_length, I-route_length, O, B-start_location, I-start_location, I-start_location, I-start_location, B-loca_start_num, O, B-end_location, I-end_location, B-loca_end_num"
Create a running route from {start_location: ada yonath} {loca_start_num: 70} that is {route_length: 4 kilometers}.,"Create, a, running, route, from, ada, yonath, 70, that, is, 4, kilometers, .","O, O, O, O, O, B-start_location, I-start_location, B-loca_start_num, O, O, B-route_length, I-route_length, O"
My doctor recommended daily walks - could you suggest an easy route near the city center?,"My, doctor, recommended, daily, walks, -, could, you, suggest, an, easy, route, near, the, city, center?","O, O, O, O, O, O, O, O, O, O, O, O, O, O, O, O"
{route_length: 19.0 kilometers} {difficulty: very easy} run from {start_location: bukhara street} please,"19.0, kilometers, very, easy, run, from, bukhara, street, please","B-route_length, I-route_length, B-difficulty, I-difficulty, O, O, B-start_location, I-start_location, O"
recommend safe running areas please,"recommend, safe, running, areas, please","O, O, O, O, O"
{start_location: around here} to {end_location: hanevi'im street} {loca_end_num: 44},"around, here, to, hanevi'im, street, 44","B-start_location, I-start_location, O, B-end_location, I-end_location, B-loca_end_num"
Where should I run today?,"Where, should, I, run, today?","O, O, O, O, O"
"Running with newbies, need an easy {route_length: 550 meters} loop from {start_location: meah shearim} {loca_start_num: 17}","Running, with, newbies,, need, an, easy, 550, meters, loop, from, meah, shearim, 17","O, O, O, O, O, O, B-route_length, I-route_length, O, O, B-start_location, I-start_location, B-loca_start_num"
Need a recovery route around {route_length: 6.0 kilometers} near {start_location: hapaprika street} {loca_start_num: 6},"Need, a, recovery, route, around, 6.0, kilometers, near, hapaprika, street, 6","O, O, O, O, O, B-route_length, I-route_length, O, B-start_location, I-start_location, B-loca_start_num"
help me plan my run,"help, me, plan, my, run","O, O, O, O, O"
tourist looking for running route,"tourist, looking, for, running, route","O, O, O, O, O"
"{start_location: port} {loca_start_num: 72} to {end_location: herod's gate street} {loca_end_num: 24}, not too difficult","port, 72, to, herod's, gate, street, 24, ,, not, too, difficult","B-start_location, B-loca_start_num, O, B-end_location, I-end_location, I-end_location, B-loca_end_num, O, O, O, O"
need {difficulty: not hard} route for my mom,"need, not, hard, route, for, my, mom","O, B-difficulty, I-difficulty, O, O, O, O"
"Got time for a quick {route_length: 14.5 kilometers} run, starting at {start_location: silicon wadi} {loca_start_num: 73}","Got, time, for, a, quick, 14.5, kilometers, run,, starting, at, silicon, wadi, 73","O, O, O, O, O, B-route_length, I-route_length, O, O, O, B-start_location, I-start_location, B-loca_start_num"
where do locals run?,"where, do, locals, run?","O, O, O, O"
Give me a {route_length: 2.5 km} route,"Give, me, a, 2.5, km, route","O, O, O, B-route_length, I-route_length, O"
best places to run here?,"best, places, to, run, here?","O, O, O, O, O"
Can you suggest a nice morning running path that's not too difficult? Maybe around {route_length: 15.5 km} somewhere near the beach?,"Can, you, suggest, a, nice, morning, running, path, that's, not, too, difficult?, Maybe, around, 15.5, km, somewhere, near, the, beach?","O, O, O, O, O, O, O, O, O, O, O, O, O, O, B-route_length, I-route_length, O, O, O, O"
can you suggest good running path?,"can, you, suggest, good, running, path?","O, O, O, O, O, O"
Need a running route for tomorrow morning - something {difficulty: extreme difficulty} from {start_location: sukkot street} {loca_start_num: 89} to {end_location: yefet} {loca_end_num: 90},"Need, a, running, route, for, tomorrow, morning, -, something, extreme, difficulty, from, sukkot, street, 89, to, yefet, 90","O, O, O, O, O, O, O, O, O, B-difficulty, I-difficulty, O, B-start_location, I-start_location, B-loca_start_num, O, B-end_location, B-loca_end_num"
looking for {difficulty: challenging} running path {route_length: 10 kilometers} from {start_location: yemen street} {loca_start_num: 93} to {end_location: netanya street} {loca_end_num: 84},"looking, for, challenging, running, path, 10, kilometers, from, yemen, street, 93, to, netanya, street, 84","O, O, B-difficulty, O, O, B-route_length, I-route_length, O, B-start_location, I-start_location, B-loca_start_num, O, B-end_location, I-end_location, B-loca_end_num"
{difficulty: difficult but rewarding} route to {end_location: bet alpha street} {loca_end_num: 90},"difficult, but, rewarding, route, to, bet, alpha, street, 90","B-difficulty, I-difficulty, I-difficulty, O, O, B-end_location, I-end_location, I-end_location, B-loca_end_num"
"{start_location: cyber street} {loca_start_num: 28} to {end_location: basel street}, something easy please","cyber, street, 28, to, basel, street, ,, something, easy, please","B-start_location, I-start_location, B-loca_start_num, O, B-end_location, I-end_location, O, O, O, O"
Need a {route_length: 12.5 km} route from {start_location: shmuel hanagid street} {loca_start_num: 82} to {end_location: menachem begin street} {loca_end_num: 57} that's {difficulty: very easy} level - training for a race next month,"Need, a, 12.5, km, route, from, shmuel, hanagid, street, 82, to, menachem, begin, street, 57, that's, very, easy, level, -, training, for, a, race, next, month","O, O, B-route_length, I-route_length, O, O, B-start_location, I-start_location, I-start_location, B-loca_start_num, O, B-end_location, I-end_location, I-end_location, B-loca_end_num, O, B-difficulty, I-difficulty, O, O, O, O, O, O, O, O"
Show me some routes near {end_location: talpiot street} {loca_end_num: 47},"Show, me, some, routes, near, talpiot, street, 47","O, O, O, O, O, B-end_location, I-end_location, B-loca_end_num"
"Easy day today, need a chill {route_length: 11.0 km} route from {start_location: ha-rav berlin} {loca_start_num: 87}","Easy, day, today,, need, a, chill, 11.0, km, route, from, ha-rav, berlin, 87","O, O, O, O, O, O, B-route_length, I-route_length, O, O, B-start_location, I-start_location, B-loca_start_num"
"Running with my dog, need a {route_length: 18 kilometers} route near {start_location: hazaatar} {loca_start_num: 79}","Running, with, my, dog,, need, a, 18, kilometers, route, near, hazaatar, 79","O, O, O, O, O, O, B-route_length, I-route_length, O, O, B-start_location, B-loca_start_num"
{difficulty: medium} running track please,"medium, running, track, please","B-difficulty, O, O, O"
Plan a {difficulty: very easy} run starting from {start_location: hula valley street} {loca_start_num: 77}.,"Plan, a, very, easy, run, starting, from, hula, valley, street, 77, .","O, O, B-difficulty, I-difficulty, O, O, O, B-start_location, I-start_location, I-start_location, B-loca_start_num, O"
Looking for a scenic route that's approximately {route_length: 6.5 km} and {difficulty: very easy} - my mom is visiting and wants to go for a walk,"Looking, for, a, scenic, route, that's, approximately, 6.5, km, and, very, easy, -, my, mom, is, visiting, and, wants, to, go, for, a, walk","O, O, O, O, O, O, O, B-route_length, I-route_length, O, B-difficulty, I-difficulty, O, O, O, O, O, O, O, O, O, O, O, O"
need running suggestions please,"need, running, suggestions, please","O, O, O, O"
{start_location: chain street} {loca_start_num: 48} to {end_location: emek refaim} {loca_end_num: 34},"chain, street, 48, to, emek, refaim, 34","B-start_location, I-start_location, B-loca_start_num, O, B-end_location, I-end_location, B-loca_end_num"
need route for tomorrow's training,"need, route, for, tomorrow's, training","O, O, O, O, O"
"My usual route is boring, need a {difficulty: extreme difficulty} {route_length: 10-15 km} alternative from {start_location: carmel market} {loca_start_num: 58}","My, usual, route, is, boring,, need, a, extreme, difficulty, 10-15, km, alternative, from, carmel, market, 58","O, O, O, O, O, O, O, B-difficulty, I-difficulty, B-route_length, I-route_length, O, O, B-start_location, I-start_location, B-loca_start_num"
Show me the local running spots,"Show, me, the, local, running, spots","O, O, O, O, O, O"
Give me a {route_length: short sprint} route,"Give, me, a, short, sprint, route","O, O, O, B-route_length, I-route_length, O"
{route_length: extremely long} easy path please,"extremely, long, easy, path, please","B-route_length, I-route_length, O, O, O"
good places to run around here?,"good, places, to, run, around, here?","O, O, O, O, O, O"
Want to avoid hills - got a flat {route_length: 750 meters} route from {start_location: chaim weizmann} {loca_start_num: 89}?,"Want, to, avoid, hills, -, got, a, flat, 750, meters, route, from, chaim, weizmann, 89, ?","O, O, O, O, O, O, O, O, B-route_length, I-route_length, O, O, B-start_location, I-start_location, B-loca_start_num, O"
"Hey there, I'm looking for a {difficulty: slightly challenging} running route that starts from {start_location: marcel janco street} {loca_start_num: 44} and goes all the way to {end_location: silicon wadi street} {loca_end_num: 37}, something around {route_length: 5 km} would be perfect","Hey, there,, I'm, looking, for, a, slightly, challenging, running, route, that, starts, from, marcel, janco, street, 44, and, goes, all, the, way, to, silicon, wadi, street, 37, ,, something, around, 5, km, would, be, perfect","O, O, O, O, O, O, B-difficulty, I-difficulty, O, O, O, O, O, B-start_location, I-start_location, I-start_location, B-loca_start_num, O, O, O, O, O, O, B-end_location, I-end_location, I-end_location, B-loca_end_num, O, O, O, B-route_length, I-route_length, O, O, O"
Easy recovery run from {start_location: heleni hamalka street} {loca_start_num: 14},"Easy, recovery, run, from, heleni, hamalka, street, 14","O, O, O, O, B-start_location, I-start_location, I-start_location, B-loca_start_num"
Looking for recommendations for a good morning run - something around {route_length: ultra marathon length} and not too difficult for a beginner,"Looking, for, recommendations, for, a, good, morning, run, -, something, around, ultra, marathon, length, and, not, too, difficult, for, a, beginner","O, O, O, O, O, O, O, O, O, O, O, B-route_length, I-route_length, I-route_length, O, O, O, O, O, O, O"
need a route for tomorrow,"need, a, route, for, tomorrow","O, O, O, O, O"
Rainy day run - need a {difficulty: easy} {route_length: 17 km} route with good pavement from {start_location: tel hashomer street} {loca_start_num: 72},"Rainy, day, run, -, need, a, easy, 17, km, route, with, good, pavement, from, tel, hashomer, street, 72","O, O, O, O, O, O, B-difficulty, B-route_length, I-route_length, O, O, O, O, O, B-start_location, I-start_location, I-start_location, B-loca_start_num"
"plan my run from {start_location: haim laskov street} {loca_start_num: 88} to {end_location: ha-nevi'im street} {loca_end_num: 95}, {route_length: 17.0 km}","plan, my, run, from, haim, laskov, street, 88, to, ha-nevi'im, street, 95, ,, 17.0, km","O, O, O, O, B-start_location, I-start_location, I-start_location, B-loca_start_num, O, B-end_location, I-end_location, B-loca_end_num, O, B-route_length, I-route_length"
beginner runner need help with route,"beginner, runner, need, help, with, route","O, O, O, O, O, O"
"Planning my weekend long run, need a {difficulty: very easy} path from {start_location: rabbi ovadia yosef} {loca_start_num: 97} to {end_location: king david} {loca_end_num: 93}, about {route_length: 5 kilometers}","Planning, my, weekend, long, run,, need, a, very, easy, path, from, rabbi, ovadia, yosef, 97, to, king, david, 93, ,, about, 5, kilometers","O, O, O, O, O, O, O, B-difficulty, I-difficulty, O, O, B-start_location, I-start_location, I-start_location, B-loca_start_num, O, B-end_location, I-end_location, B-loca_end_num, O, O, B-route_length, I-route_length"
Gotta get my miles in - show me a {route_length: 15.0 kilometers} loop from {start_location: ada yonath street} {loca_start_num: 85},"Gotta, get, my, miles, in, -, show, me, a, 15.0, kilometers, loop, from, ada, yonath, street, 85","O, O, O, O, O, O, O, O, O, B-route_length, I-route_length, O, O, B-start_location, I-start_location, I-start_location, B-loca_start_num"
Got 30 minutes to run from {start_location: bet alpha street} {loca_start_num: 33},"Got, 30, minutes, to, run, from, bet, alpha, street, 33","O, O, O, O, O, O, B-start_location, I-start_location, I-start_location, B-loca_start_num"
"Ready to crush it, give me a {difficulty: challenging} {route_length: 5 km} starting at {start_location: masada} {loca_start_num: 95}","Ready, to, crush, it,, give, me, a, challenging, 5, km, starting, at, masada, 95","O, O, O, O, O, O, O, B-difficulty, B-route_length, I-route_length, O, O, B-start_location, B-loca_start_num"
On vacation but need to run {route_length: 8.0 km} near {start_location: ben yehuda} {loca_start_num: 46},"On, vacation, but, need, to, run, 8.0, km, near, ben, yehuda, 46","O, O, O, O, O, O, B-route_length, I-route_length, O, B-start_location, I-start_location, B-loca_start_num"
Plan a running route for me.,"Plan, a, running, route, for, me.","O, O, O, O, O, O"
Need a good route for today,"Need, a, good, route, for, today","O, O, O, O, O, O"
elderly person need {difficulty: flat and easy} path {route_length: 3.5 km} start {start_location: hahigh-tech} {loca_start_num: 82} end {end_location: hamelech street} {loca_end_num: 28},"elderly, person, need, flat, and, easy, path, 3.5, km, start, hahigh-tech, 82, end, hamelech, street, 28","O, O, O, B-difficulty, I-difficulty, I-difficulty, O, B-route_length, I-route_length, O, B-start_location, B-loca_start_num, O, B-end_location, I-end_location, B-loca_end_num"
"{start_location: hapaprika street} {loca_start_num: 31} to {end_location: nachlaot} {loca_end_num: 64}, make it {difficulty: medium}","hapaprika, street, 31, to, nachlaot, 64, ,, make, it, medium","B-start_location, I-start_location, B-loca_start_num, O, B-end_location, B-loca_end_num, O, O, O, B-difficulty"
can u plan me a quick 5k run?,"can, u, plan, me, a, quick, 5k, run?","O, O, O, O, O, O, O, O"
from {start_location: dov yudkovsky} {loca_start_num: 97} need {difficulty: difficult but rewarding} path,"from, dov, yudkovsky, 97, need, difficult, but, rewarding, path","O, B-start_location, I-start_location, B-loca_start_num, O, B-difficulty, I-difficulty, I-difficulty, O"
"Marathon training calls for {route_length: 15.0 kilometers} today, starting from {start_location: gamla street} {loca_start_num: 78}","Marathon, training, calls, for, 15.0, kilometers, today,, starting, from, gamla, street, 78","O, O, O, O, B-route_length, I-route_length, O, O, O, B-start_location, I-start_location, B-loca_start_num"
"{start_location: beit lessin street} {loca_start_num: 65} to {end_location: mordechai maklef} {loca_end_num: 56}, not too difficult","beit, lessin, street, 65, to, mordechai, maklef, 56, ,, not, too, difficult","B-start_location, I-start_location, I-start_location, B-loca_start_num, O, B-end_location, I-end_location, B-loca_end_num, O, O, O, O"
Time for my daily run,"Time, for, my, daily, run","O, O, O, O, O"
"Post race recovery run, something easy near {start_location: machane yehuda street} {loca_start_num: 72}","Post, race, recovery, run,, something, easy, near, machane, yehuda, street, 72","O, O, O, O, O, O, O, B-start_location, I-start_location, I-start_location, B-loca_start_num"
older person need {difficulty: extreme difficulty} path {route_length: 2.5 kilometers} start {start_location: haifa road} {loca_start_num: 56} finish {end_location: chaim nachman bialik} {loca_end_num: 25},"older, person, need, extreme, difficulty, path, 2.5, kilometers, start, haifa, road, 56, finish, chaim, nachman, bialik, 25","O, O, O, B-difficulty, I-difficulty, O, B-route_length, I-route_length, O, B-start_location, I-start_location, B-loca_start_num, O, B-end_location, I-end_location, I-end_location, B-loca_end_num"
"Legs are toast, need a flat {route_length: 15.0 kilometers} route from {start_location: habima} {loca_start_num: 21}","Legs, are, toast,, need, a, flat, 15.0, kilometers, route, from, habima, 21","O, O, O, O, O, O, B-route_length, I-route_length, O, O, B-start_location, B-loca_start_num"
"Could you suggest a {difficulty: slightly challenging} running route between {start_location: technion street} {loca_start_num: 65} and {end_location: airport city street} {loca_end_num: 75}, covering {route_length: 15 km}?","Could, you, suggest, a, slightly, challenging, running, route, between, technion, street, 65, and, airport, city, street, 75, ,, covering, 15, km, ?","O, O, O, O, B-difficulty, I-difficulty, O, O, O, B-start_location, I-start_location, B-loca_start_num, O, B-end_location, I-end_location, I-end_location, B-loca_end_num, O, O, B-route_length, I-route_length, O"
Hey! I'm training for a marathon and need a {difficulty: intense} route that's about {route_length: 1.0 km},"Hey!, I'm, training, for, a, marathon, and, need, a, intense, route, that's, about, 1.0, km","O, O, O, O, O, O, O, O, O, B-difficulty, O, O, O, B-route_length, I-route_length"
need simple {difficulty: very easy} route {route_length: 14.0 kilometers} from {start_location: dan shechtman} {loca_start_num: 19} to {end_location: herzl street} {loca_end_num: 60},"need, simple, very, easy, route, 14.0, kilometers, from, dan, shechtman, 19, to, herzl, street, 60","O, O, B-difficulty, I-difficulty, O, B-route_length, I-route_length, O, B-start_location, I-start_location, B-loca_start_num, O, B-end_location, I-end_location, B-loca_end_num"
Generate a {difficulty: extreme difficulty} run that is {route_length: 13.0 kilometers}.,"Generate, a, extreme, difficulty, run, that, is, 13.0, kilometers, .","O, O, B-difficulty, I-difficulty, O, O, O, B-route_length, I-route_length, O"
looking for {route_length: very long} run with nice views,"looking, for, very, long, run, with, nice, views","O, O, B-route_length, I-route_length, O, O, O, O"
Please suggest a route from {start_location: roman cardo street} {loca_start_num: 85} to {end_location: tel aviv street} {loca_end_num: 38}.,"Please, suggest, a, route, from, roman, cardo, street, 85, to, tel, aviv, street, 38, .","O, O, O, O, O, B-start_location, I-start_location, I-start_location, B-loca_start_num, O, B-end_location, I-end_location, I-end_location, B-loca_end_num, O"
want route from {start_location: ein avdat} that's not too hard,"want, route, from, ein, avdat, that's, not, too, hard","O, O, O, B-start_location, I-start_location, O, O, O, O"
"Hey, I wanna do a {route_length: medium-length} run from {start_location: eilat street} {loca_start_num: 66}, any good routes?","Hey,, I, wanna, do, a, medium-length, run, from, eilat, street, 66, ,, any, good, routes?","O, O, O, O, O, B-route_length, O, O, B-start_location, I-start_location, B-loca_start_num, O, O, O, O"
Need a good running track for my morning exercise - something that starts near {start_location: tal brody} and is moderately challenging,"Need, a, good, running, track, for, my, morning, exercise, -, something, that, starts, near, tal, brody, and, is, moderately, challenging","O, O, O, O, O, O, O, O, O, O, O, O, O, O, B-start_location, I-start_location, O, O, O, O"
Need a {route_length: 4.5 km} route from {start_location: jordan valley street} {loca_start_num: 25} to {end_location: sheshet hayamim} {loca_end_num: 100} that's {difficulty: difficult but rewarding} level - training for a race next month,"Need, a, 4.5, km, route, from, jordan, valley, street, 25, to, sheshet, hayamim, 100, that's, difficult, but, rewarding, level, -, training, for, a, race, next, month","O, O, B-route_length, I-route_length, O, O, B-start_location, I-start_location, I-start_location, B-loca_start_num, O, B-end_location, I-end_location, B-loca_end_num, O, B-difficulty, I-difficulty, I-difficulty, O, O, O, O, O, O, O, O"
{difficulty: intense} route to {end_location: gordon} {loca_end_num: 5},"intense, route, to, gordon, 5","B-difficulty, O, O, B-end_location, B-loca_end_num"
make me {difficulty: hard} route please,"make, me, hard, route, please","O, O, B-difficulty, O, O"
Looking for a {route_length: 15.5 kilometers} route with {difficulty: flat and easy} intensity that shows off the best parts of Tel Aviv,"Looking, for, a, 15.5, kilometers, route, with, flat, and, easy, intensity, that, shows, off, the, best, parts, of, Tel, Aviv","O, O, O, B-route_length, I-route_length, O, O, B-difficulty, I-difficulty, I-difficulty, O, O, O, O, O, O, O, O, O, O"
something {difficulty: intense} around {route_length: 19.0 kilometers},"something, intense, around, 19.0, kilometers","O, B-difficulty, O, B-route_length, I-route_length"
"{start_location: my exact position} to {end_location: kovshei katamon} {loca_end_num: 85}, {route_length: 3 kilometers} {difficulty: very hard}","my, exact, position, to, kovshei, katamon, 85, ,, 3, kilometers, very, hard","B-start_location, I-start_location, I-start_location, O, B-end_location, I-end_location, B-loca_end_num, O, B-route_length, I-route_length, B-difficulty, I-difficulty"
Can you provide a route to {end_location: gamla} {loca_end_num: 26} that spans {route_length: 5.0 km}?,"Can, you, provide, a, route, to, gamla, 26, that, spans, 5.0, km, ?","O, O, O, O, O, O, B-end_location, B-loca_end_num, O, O, B-route_length, I-route_length, O"
can u make {difficulty: hard} running route {route_length: 14.5 km} from {start_location: hamada street} {loca_start_num: 63} 2 {end_location: hillel street} {loca_end_num: 39},"can, u, make, hard, running, route, 14.5, km, from, hamada, street, 63, 2, hillel, street, 39","O, O, O, B-difficulty, O, O, B-route_length, I-route_length, O, B-start_location, I-start_location, B-loca_start_num, O, B-end_location, I-end_location, B-loca_end_num"
Create a running route from {start_location: french hill street} {loca_start_num: 12} that is {route_length: 700 meters}.,"Create, a, running, route, from, french, hill, street, 12, that, is, 700, meters, .","O, O, O, O, O, B-start_location, I-start_location, I-start_location, B-loca_start_num, O, O, B-route_length, I-route_length, O"
Need some hills in my run from {start_location: kinneret} {loca_start_num: 44},"Need, some, hills, in, my, run, from, kinneret, 44","O, O, O, O, O, O, O, B-start_location, B-loca_start_num"
"Got time for a quick {route_length: 17.5 kilometers} run, starting at {start_location: albert einstein} {loca_start_num: 44}","Got, time, for, a, quick, 17.5, kilometers, run,, starting, at, albert, einstein, 44","O, O, O, O, O, B-route_length, I-route_length, O, O, O, B-start_location, I-start_location, B-loca_start_num"
{start_location: gila almagor street} to {end_location: ofek street},"gila, almagor, street, to, ofek, street","B-start_location, I-start_location, I-start_location, O, B-end_location, I-end_location"
"First time runner here, would appreciate a beginner-friendly route somewhere scenic in the city","First, time, runner, here,, would, appreciate, a, beginner-friendly, route, somewhere, scenic, in, the, city","O, O, O, O, O, O, O, O, O, O, O, O, O, O"
Can you create a {difficulty: hard} route that begins at {start_location: hatamar} {loca_start_num: 23} and finishes at {end_location: in this area} with a distance of {route_length: 6.0 kilometers}?,"Can, you, create, a, hard, route, that, begins, at, hatamar, 23, and, finishes, at, in, this, area, with, a, distance, of, 6.0, kilometers, ?","O, O, O, O, B-difficulty, O, O, O, O, B-start_location, B-loca_start_num, O, O, O, B-end_location, I-end_location, I-end_location, O, O, O, O, B-route_length, I-route_length, O"
something {difficulty: very easy} around {route_length: 5.0 kilometers},"something, very, easy, around, 5.0, kilometers","O, B-difficulty, I-difficulty, O, B-route_length, I-route_length"
Generate a {difficulty: slightly challenging} running route from {start_location: usishkin} {loca_start_num: 62} to {end_location: zivia lubetkin street} {loca_end_num: 49} that spans {route_length: 300 meters}.,"Generate, a, slightly, challenging, running, route, from, usishkin, 62, to, zivia, lubetkin, street, 49, that, spans, 300, meters, .","O, O, B-difficulty, I-difficulty, O, O, O, B-start_location, B-loca_start_num, O, B-end_location, I-end_location, I-end_location, B-loca_end_num, O, O, B-route_length, I-route_length, O"
{route_length: 7.0 km} path suggestion,"7.0, km, path, suggestion","B-route_length, I-route_length, O, O"
Can you plan a {difficulty: challenging} route that begins at {start_location: bialik} {loca_start_num: 37}?,"Can, you, plan, a, challenging, route, that, begins, at, bialik, 37, ?","O, O, O, O, B-difficulty, O, O, O, O, B-start_location, B-loca_start_num, O"
{route_length: 950 meters} path somewhere nice,"950, meters, path, somewhere, nice","B-route_length, I-route_length, O, O, O"
"{start_location: strauss} {loca_start_num: 42} to {end_location: tchernichovsky}, something easy please","strauss, 42, to, tchernichovsky, ,, something, easy, please","B-start_location, B-loca_start_num, O, B-end_location, O, O, O, O"
On vacation but need to run {route_length: 9.5 km} near {start_location: ezekiel} {loca_start_num: 34},"On, vacation, but, need, to, run, 9.5, km, near, ezekiel, 34","O, O, O, O, O, O, B-route_length, I-route_length, O, B-start_location, B-loca_start_num"
suggest good spots for morning exercise,"suggest, good, spots, for, morning, exercise","O, O, O, O, O, O"
Stroller friendly route needed around {start_location: kovshei katamon street} {loca_start_num: 2},"Stroller, friendly, route, needed, around, kovshei, katamon, street, 2","O, O, O, O, O, B-start_location, I-start_location, I-start_location, B-loca_start_num"
"Need a route with water fountains, about {route_length: 4 km} from {start_location: haalon street} {loca_start_num: 34}","Need, a, route, with, water, fountains,, about, 4, km, from, haalon, street, 34","O, O, O, O, O, O, O, B-route_length, I-route_length, O, B-start_location, I-start_location, B-loca_start_num"
make path from {start_location: masada} {loca_start_num: 62},"make, path, from, masada, 62","O, O, O, B-start_location, B-loca_start_num"
start {start_location: yigal yadin street} {loca_start_num: 52} {difficulty: moderate effort},"start, yigal, yadin, street, 52, moderate, effort","O, B-start_location, I-start_location, I-start_location, B-loca_start_num, B-difficulty, I-difficulty"
Looking for drinking fountains on my {route_length: 4.5 km} run from {start_location: batsheva street} {loca_start_num: 21},"Looking, for, drinking, fountains, on, my, 4.5, km, run, from, batsheva, street, 21","O, O, O, O, O, O, B-route_length, I-route_length, O, O, B-start_location, I-start_location, B-loca_start_num"
{start_location: rabbi akiva street} to {end_location: hapaprika street} run,"rabbi, akiva, street, to, hapaprika, street, run","B-start_location, I-start_location, I-start_location, O, B-end_location, I-end_location, O"
Good morning! I've just moved to Tel Aviv and I'm looking for a nice running route that shows off the best parts of the city - any suggestions?,"Good, morning!, I've, just, moved, to, Tel, Aviv, and, I'm, looking, for, a, nice, running, route, that, shows, off, the, best, parts, of, the, city, -, any, suggestions?","O, O, O, O, O, O, O, O, O, O, O, O, O, O, O, O, O, O, O, O, O, O, O, O, O, O, O, O"
im new here where should i run?,"im, new, here, where, should, i, run?","O, O, O, O, O, O, O"
experienced runner looking for {difficulty: somewhat tough} route about {route_length: 10.0 kilometers},"experienced, runner, looking, for, somewhat, tough, route, about, 10.0, kilometers","O, O, O, O, B-difficulty, I-difficulty, O, O, B-route_length, I-route_length"
Getting ready for a 5k need a route,"Getting, ready, for, a, 5k, need, a, route","O, O, O, O, O, O, O, O"
new to running need advice,"new, to, running, need, advice","O, O, O, O, O"
"Just moved here, show me some {route_length: 900 meters} routes near {start_location: shamai} {loca_start_num: 76}","Just, moved, here,, show, me, some, 900, meters, routes, near, shamai, 76","O, O, O, O, O, O, B-route_length, I-route_length, O, O, B-start_location, B-loca_start_num"
tourist looking for running route,"tourist, looking, for, running, route","O, O, O, O, O"
Need a sunset route around {route_length: 12.5 km} from {start_location: ahad ha'am} {loca_start_num: 56},"Need, a, sunset, route, around, 12.5, km, from, ahad, ha'am, 56","O, O, O, O, O, B-route_length, I-route_length, O, B-start_location, I-start_location, B-loca_start_num"
{difficulty: somewhat tough} route to {end_location: pierre koenig} {loca_end_num: 58},"somewhat, tough, route, to, pierre, koenig, 58","B-difficulty, I-difficulty, O, O, B-end_location, I-end_location, B-loca_end_num"
beginner want {difficulty: not hard} run,"beginner, want, not, hard, run","O, O, B-difficulty, I-difficulty, O"
Give me a {route_length: 17.0 kilometers} route,"Give, me, a, 17.0, kilometers, route","O, O, O, B-route_length, I-route_length, O"
route to {end_location: batsheva street} thats {difficulty: intense},"route, to, batsheva, street, thats, intense","O, O, B-end_location, I-end_location, O, B-difficulty"
"Easy day today, need a chill {route_length: 3-5 km} route from {start_location: where i am} {loca_start_num: 13}","Easy, day, today,, need, a, chill, 3-5, km, route, from, where, i, am, 13","O, O, O, O, O, O, B-route_length, I-route_length, O, O, B-start_location, I-start_location, I-start_location, B-loca_start_num"
need a {difficulty: moderate effort} path from {start_location: mordechai maklef street} {loca_start_num: 22} to {end_location: here} that's {route_length: 900 meters},"need, a, moderate, effort, path, from, mordechai, maklef, street, 22, to, here, that's, 900, meters","O, O, B-difficulty, I-difficulty, O, O, B-start_location, I-start_location, I-start_location, B-loca_start_num, O, B-end_location, O, B-route_length, I-route_length"
running track near {start_location: central station street},"running, track, near, central, station, street","O, O, O, B-start_location, I-start_location, I-start_location"
Time for my long run - need a {difficulty: difficult but rewarding} {route_length: marathon length} route from {start_location: ari folman} {loca_start_num: 31},"Time, for, my, long, run, -, need, a, difficult, but, rewarding, marathon, length, route, from, ari, folman, 31","O, O, O, O, O, O, O, O, B-difficulty, I-difficulty, I-difficulty, B-route_length, I-route_length, O, O, B-start_location, I-start_location, B-loca_start_num"
Looking for a scenic {route_length: 14 kilometers} from {start_location: yissachar} {loca_start_num: 3},"Looking, for, a, scenic, 14, kilometers, from, yissachar, 3","O, O, O, O, B-route_length, I-route_length, O, B-start_location, B-loca_start_num"
where do locals run?,"where, do, locals, run?","O, O, O, O"
Please generate a route for running.,"Please, generate, a, route, for, running.","O, O, O, O, O, O"
help plan my first 5k route,"help, plan, my, first, 5k, route","O, O, O, O, O, O"
new to running need beginner route,"new, to, running, need, beginner, route","O, O, O, O, O, O"
make me something challenging please,"make, me, something, challenging, please","O, O, O, O, O"
Can you provide a route to {end_location: kaplan street} {loca_end_num: 57} that spans {route_length: 12.5 km}?,"Can, you, provide, a, route, to, kaplan, street, 57, that, spans, 12.5, km, ?","O, O, O, O, O, O, B-end_location, I-end_location, B-loca_end_num, O, O, B-route_length, I-route_length, O"
"{start_location: frishman} {loca_start_num: 50} to {end_location: shmuel hanavi street}, something easy please","frishman, 50, to, shmuel, hanavi, street, ,, something, easy, please","B-start_location, B-loca_start_num, O, B-end_location, I-end_location, I-end_location, O, O, O, O"
something {difficulty: somewhat tough} around {route_length: 17 km},"something, somewhat, tough, around, 17, km","O, B-difficulty, I-difficulty, O, B-route_length, I-route_length"
where can i do short easy run?,"where, can, i, do, short, easy, run?","O, O, O, O, O, O, O"
need running path suggestion,"need, running, path, suggestion","O, O, O, O"
I need a running route that goes from {start_location: cyber street} {loca_start_num: 91} to {end_location: hatikva market} {loca_end_num: 35}.,"I, need, a, running, route, that, goes, from, cyber, street, 91, to, hatikva, market, 35, .","O, O, O, O, O, O, O, O, B-start_location, I-start_location, B-loca_start_num, O, B-end_location, I-end_location, B-loca_end_num, O"
need {difficulty: difficult but rewarding} track starting from {start_location: current place},"need, difficult, but, rewarding, track, starting, from, current, place","O, B-difficulty, I-difficulty, I-difficulty, O, O, O, B-start_location, I-start_location"
where to run {route_length: 11.5 kilometers}?,"where, to, run, 11.5, kilometers, ?","O, O, O, B-route_length, I-route_length, O"
"Gonna do {route_length: 4.5 km} today, where should I head from {start_location: king david street} {loca_start_num: 95}?","Gonna, do, 4.5, km, today,, where, should, I, head, from, king, david, street, 95, ?","O, O, B-route_length, I-route_length, O, O, O, O, O, O, B-start_location, I-start_location, I-start_location, B-loca_start_num, O"
need running recommendations near the beach,"need, running, recommendations, near, the, beach","O, O, O, O, O, O"
Show me where to run,"Show, me, where, to, run","O, O, O, O, O"
Got 30 minutes to run from {start_location: arlozorov} {loca_start_num: 32},"Got, 30, minutes, to, run, from, arlozorov, 32","O, O, O, O, O, O, B-start_location, B-loca_start_num"
runner here looking for {difficulty: easy} path {route_length: long},"runner, here, looking, for, easy, path, long","O, O, O, O, B-difficulty, O, B-route_length"
"Suggest a running route to {end_location: jordan valley} {loca_end_num: 94}, with a total distance of {route_length: 10-15 km}.","Suggest, a, running, route, to, jordan, valley, 94, ,, with, a, total, distance, of, 10-15, km, .","O, O, O, O, O, B-end_location, I-end_location, B-loca_end_num, O, O, O, O, O, O, B-route_length, I-route_length, O"
Find me somewhere to run {route_length: 9.5 km},"Find, me, somewhere, to, run, 9.5, km","O, O, O, O, O, B-route_length, I-route_length"
Need a pre work route around {route_length: 15 km} starting at {start_location: ahad ha'am street} {loca_start_num: 84},"Need, a, pre, work, route, around, 15, km, starting, at, ahad, ha'am, street, 84","O, O, O, O, O, O, B-route_length, I-route_length, O, O, B-start_location, I-start_location, I-start_location, B-loca_start_num"
Got 30 mins - where should I run from {start_location: strauss street} {loca_start_num: 40}?,"Got, 30, mins, -, where, should, I, run, from, strauss, street, 40, ?","O, O, O, O, O, O, O, O, O, B-start_location, I-start_location, B-loca_start_num, O"
Long run day - need a {difficulty: easy} {route_length: 9.0 kilometers} route from {start_location: ha-nevi'im street} {loca_start_num: 55},"Long, run, day, -, need, a, easy, 9.0, kilometers, route, from, ha-nevi'im, street, 55","O, O, O, O, O, O, B-difficulty, B-route_length, I-route_length, O, O, B-start_location, I-start_location, B-loca_start_num"
to {end_location: gamla street} {loca_end_num: 22} please,"to, gamla, street, 22, please","O, B-end_location, I-end_location, B-loca_end_num, O"
"Looking for a busy route for my evening run, about {route_length: 16 km}","Looking, for, a, busy, route, for, my, evening, run,, about, 16, km","O, O, O, O, O, O, O, O, O, O, B-route_length, I-route_length"
"Hey, I'm staying near {start_location: habustan street} {loca_start_num: 64} and would love a {difficulty: challenging} morning running route to {end_location: tell street} {loca_end_num: 65}","Hey,, I'm, staying, near, habustan, street, 64, and, would, love, a, challenging, morning, running, route, to, tell, street, 65","O, O, O, O, B-start_location, I-start_location, B-loca_start_num, O, O, O, O, B-difficulty, O, O, O, O, B-end_location, I-end_location, B-loca_end_num"
"I need a {difficulty: intense} running route from {start_location: shmuel hanagid} {loca_start_num: 56} to {end_location: talpiot} {loca_end_num: 85}, and the length should be {route_length: 15-20 km}.","I, need, a, intense, running, route, from, shmuel, hanagid, 56, to, talpiot, 85, ,, and, the, length, should, be, 15-20, km, .","O, O, O, B-difficulty, O, O, O, B-start_location, I-start_location, B-loca_start_num, O, B-end_location, B-loca_end_num, O, O, O, O, O, O, B-route_length, I-route_length, O"
Got 30 minutes to run from {start_location: yissachar street} {loca_start_num: 28},"Got, 30, minutes, to, run, from, yissachar, street, 28","O, O, O, O, O, O, B-start_location, I-start_location, B-loca_start_num"
recommend safe running areas please,"recommend, safe, running, areas, please","O, O, O, O, O"
advanced runner want {difficulty: easy} course {route_length: 2.0 km} beginning {start_location: shivtei israel} {loca_start_num: 48} end at {end_location: coexistence street} {loca_end_num: 45},"advanced, runner, want, easy, course, 2.0, km, beginning, shivtei, israel, 48, end, at, coexistence, street, 45","O, O, O, B-difficulty, O, B-route_length, I-route_length, O, B-start_location, I-start_location, B-loca_start_num, O, O, B-end_location, I-end_location, B-loca_end_num"
{start_location: morocco street} {loca_start_num: 23} to {end_location: mamilla street},"morocco, street, 23, to, mamilla, street","B-start_location, I-start_location, B-loca_start_num, O, B-end_location, I-end_location"
Running with friends from {start_location: ze'ev jabotinsky street} {loca_start_num: 61},"Running, with, friends, from, ze'ev, jabotinsky, street, 61","O, O, O, O, B-start_location, I-start_location, I-start_location, B-loca_start_num"
Show me the local running spots,"Show, me, the, local, running, spots","O, O, O, O, O, O"
Want to avoid muddy trails from {start_location: revival} {loca_start_num: 78},"Want, to, avoid, muddy, trails, from, revival, 78","O, O, O, O, O, O, B-start_location, B-loca_start_num"
older person need {difficulty: intense} path {route_length: 450 meters} start {start_location: cafe kassit street} {loca_start_num: 41} finish {end_location: hapisga} {loca_end_num: 81},"older, person, need, intense, path, 450, meters, start, cafe, kassit, street, 41, finish, hapisga, 81","O, O, O, B-difficulty, O, B-route_length, I-route_length, O, B-start_location, I-start_location, I-start_location, B-loca_start_num, O, B-end_location, B-loca_end_num"
"Sick of my usual path, show me a {route_length: 350 meters} route from {start_location: ein harod} {loca_start_num: 66}","Sick, of, my, usual, path,, show, me, a, 350, meters, route, from, ein, harod, 66","O, O, O, O, O, O, O, O, B-route_length, I-route_length, O, O, B-start_location, I-start_location, B-loca_start_num"
On vacation but need to run {route_length: 15.0 km} near {start_location: dance quarter} {loca_start_num: 26},"On, vacation, but, need, to, run, 15.0, km, near, dance, quarter, 26","O, O, O, O, O, O, B-route_length, I-route_length, O, B-start_location, I-start_location, B-loca_start_num"
I want a {difficulty: challenging} route that goes from {start_location: hadassah} {loca_start_num: 51} to {end_location: dead sea street} {loca_end_num: 63} and spans {route_length: moderate distance}.,"I, want, a, challenging, route, that, goes, from, hadassah, 51, to, dead, sea, street, 63, and, spans, moderate, distance, .","O, O, O, B-difficulty, O, O, O, O, B-start_location, B-loca_start_num, O, B-end_location, I-end_location, I-end_location, B-loca_end_num, O, O, B-route_length, I-route_length, O"
"Need a route that includes {end_location: ahad ha'am street} {loca_end_num: 69}, around {route_length: 1.5 kilometers}","Need, a, route, that, includes, ahad, ha'am, street, 69, ,, around, 1.5, kilometers","O, O, O, O, O, B-end_location, I-end_location, I-end_location, B-loca_end_num, O, O, B-route_length, I-route_length"
"{route_length: 13 kilometers} route from {start_location: beit she'an} {loca_start_num: 7} to {end_location: malkhei yisrael street} {loca_end_num: 62}, not too hard","13, kilometers, route, from, beit, she'an, 7, to, malkhei, yisrael, street, 62, ,, not, too, hard","B-route_length, I-route_length, O, O, B-start_location, I-start_location, B-loca_start_num, O, B-end_location, I-end_location, I-end_location, B-loca_end_num, O, O, O, O"
need quick morning run suggestion,"need, quick, morning, run, suggestion","O, O, O, O, O"
New runner here - need an easy {route_length: marathon length} route near {start_location: pesach} {loca_start_num: 93},"New, runner, here, -, need, an, easy, marathon, length, route, near, pesach, 93","O, O, O, O, O, O, O, B-route_length, I-route_length, O, O, B-start_location, B-loca_start_num"
{route_length: 15 km} to {end_location: moshav} {loca_end_num: 4} please,"15, km, to, moshav, 4, please","B-route_length, I-route_length, O, B-end_location, B-loca_end_num, O"
"I want to run {route_length: 14.5 kilometers} starting at {start_location: technion street} {loca_start_num: 48} and ending at {end_location: my exact position}, with {difficulty: extreme difficulty} difficulty.","I, want, to, run, 14.5, kilometers, starting, at, technion, street, 48, and, ending, at, my, exact, position, ,, with, extreme, difficulty, difficulty.","O, O, O, O, B-route_length, I-route_length, O, O, B-start_location, I-start_location, B-loca_start_num, O, O, O, B-end_location, I-end_location, I-end_location, O, O, B-difficulty, I-difficulty, O"
Running after work from {start_location: tel dan street} {loca_start_num: 20},"Running, after, work, from, tel, dan, street, 20","O, O, O, O, B-start_location, I-start_location, I-start_location, B-loca_start_num"
help plan my morning exercise,"help, plan, my, morning, exercise","O, O, O, O, O"
help me plan my run,"help, me, plan, my, run","O, O, O, O, O"
Looking to knock out a {difficulty: slightly challenging} {route_length: 10.5 kilometers} run starting near {start_location: bet alpha} {loca_start_num: 22},"Looking, to, knock, out, a, slightly, challenging, 10.5, kilometers, run, starting, near, bet, alpha, 22","O, O, O, O, O, B-difficulty, I-difficulty, B-route_length, I-route_length, O, O, O, B-start_location, I-start_location, B-loca_start_num"
beginner want {difficulty: very easy} run,"beginner, want, very, easy, run","O, O, B-difficulty, I-difficulty, O"
Can anyone recommend a good running path for a tourist? Staying in a hotel on {start_location: oasis} and want to explore the city,"Can, anyone, recommend, a, good, running, path, for, a, tourist?, Staying, in, a, hotel, on, oasis, and, want, to, explore, the, city","O, O, O, O, O, O, O, O, O, O, O, O, O, O, O, B-start_location, O, O, O, O, O, O"
Got any good routes nearby?,"Got, any, good, routes, nearby?","O, O, O, O, O"
I'd really appreciate a {difficulty: intense} running route from {start_location: emek refaim} {loca_start_num: 18} that passes through some historic areas,"I'd, really, appreciate, a, intense, running, route, from, emek, refaim, 18, that, passes, through, some, historic, areas","O, O, O, O, B-difficulty, O, O, O, B-start_location, I-start_location, B-loca_start_num, O, O, O, O, O, O"
need a route for tomorrow,"need, a, route, for, tomorrow","O, O, O, O, O"
First-time runner here looking for a beginner-friendly route without too many hills - maybe starting from {start_location: beit she'an} and heading towards the beach area?,"First-time, runner, here, looking, for, a, beginner-friendly, route, without, too, many, hills, -, maybe, starting, from, beit, she'an, and, heading, towards, the, beach, area?","O, O, O, O, O, O, O, O, O, O, O, O, O, O, O, O, B-start_location, I-start_location, O, O, O, O, O, O"
New runner here - need an easy {route_length: 20 km} route near {start_location: mordechai anielewicz street} {loca_start_num: 37},"New, runner, here, -, need, an, easy, 20, km, route, near, mordechai, anielewicz, street, 37","O, O, O, O, O, O, O, B-route_length, I-route_length, O, O, B-start_location, I-start_location, I-start_location, B-loca_start_num"
Need help planning tomorrow's run - something that starts from {start_location: tiberias} {loca_start_num: 56} and is about {route_length: very short} with some interesting neighborhoods along the way,"Need, help, planning, tomorrow's, run, -, something, that, starts, from, tiberias, 56, and, is, about, very, short, with, some, interesting, neighborhoods, along, the, way","O, O, O, O, O, O, O, O, O, O, B-start_location, B-loca_start_num, O, O, O, B-route_length, I-route_length, O, O, O, O, O, O, O"
{route_length: 4.5 kilometers} {difficulty: easy} route needed,"4.5, kilometers, easy, route, needed","B-route_length, I-route_length, B-difficulty, O, O"
where to run for good city views?,"where, to, run, for, good, city, views?","O, O, O, O, O, O, O"
Got 30 minutes to run from {start_location: allenby road} {loca_start_num: 49},"Got, 30, minutes, to, run, from, allenby, road, 49","O, O, O, O, O, O, B-start_location, I-start_location, B-loca_start_num"
I want a running route starting at {start_location: rabbi akiva street} {loca_start_num: 37} and covering {route_length: 10.5 kilometers}.,"I, want, a, running, route, starting, at, rabbi, akiva, street, 37, and, covering, 10.5, kilometers, .","O, O, O, O, O, O, O, B-start_location, I-start_location, I-start_location, B-loca_start_num, O, O, B-route_length, I-route_length, O"
"Gonna rain later, quick {route_length: 10.5 kilometers} route from {start_location: fashion week} {loca_start_num: 88}?","Gonna, rain, later,, quick, 10.5, kilometers, route, from, fashion, week, 88, ?","O, O, O, O, B-route_length, I-route_length, O, O, B-start_location, I-start_location, B-loca_start_num, O"
{start_location: dance quarter street} to {end_location: derech hayam},"dance, quarter, street, to, derech, hayam","B-start_location, I-start_location, I-start_location, O, B-end_location, I-end_location"
start from {start_location: dance quarter} {loca_start_num: 56} to {end_location: naomi shemer street},"start, from, dance, quarter, 56, to, naomi, shemer, street","O, O, B-start_location, I-start_location, B-loca_start_num, O, B-end_location, I-end_location, I-end_location"
senior citizen requesting {difficulty: difficult but rewarding} course {route_length: 2.5 kilometers} starting {start_location: tech park} {loca_start_num: 33} ending {end_location: daniel} {loca_end_num: 61},"senior, citizen, requesting, difficult, but, rewarding, course, 2.5, kilometers, starting, tech, park, 33, ending, daniel, 61","O, O, O, B-difficulty, I-difficulty, I-difficulty, O, B-route_length, I-route_length, O, B-start_location, I-start_location, B-loca_start_num, O, B-end_location, B-loca_end_num"
Need a route for today,"Need, a, route, for, today","O, O, O, O, O"
"At the office today, need a {route_length: 9.5 km} lunch route from {start_location: menachem begin} {loca_start_num: 86}","At, the, office, today,, need, a, 9.5, km, lunch, route, from, menachem, begin, 86","O, O, O, O, O, O, B-route_length, I-route_length, O, O, O, B-start_location, I-start_location, B-loca_start_num"
"Need bathrooms along the way, {route_length: 550 meters} route from {start_location: tel aviv street} {loca_start_num: 12}?","Need, bathrooms, along, the, way,, 550, meters, route, from, tel, aviv, street, 12, ?","O, O, O, O, O, B-route_length, I-route_length, O, O, B-start_location, I-start_location, I-start_location, B-loca_start_num, O"
suggest route for beginner,"suggest, route, for, beginner","O, O, O, O"
want to run but dont know where,"want, to, run, but, dont, know, where","O, O, O, O, O, O, O"
older person need {difficulty: not hard} path {route_length: 18.0 kilometers} start {start_location: aaron aaronsohn} {loca_start_num: 86} finish {end_location: kinneret} {loca_end_num: 96},"older, person, need, not, hard, path, 18.0, kilometers, start, aaron, aaronsohn, 86, finish, kinneret, 96","O, O, O, B-difficulty, I-difficulty, O, B-route_length, I-route_length, O, B-start_location, I-start_location, B-loca_start_num, O, B-end_location, B-loca_end_num"
"Got my headphones charged, ready for a {route_length: 6 km} run from {start_location: revival street} {loca_start_num: 96}","Got, my, headphones, charged,, ready, for, a, 6, km, run, from, revival, street, 96","O, O, O, O, O, O, O, B-route_length, I-route_length, O, O, B-start_location, I-start_location, B-loca_start_num"
Want to avoid muddy trails from {start_location: kiryat yovel} {loca_start_num: 16},"Want, to, avoid, muddy, trails, from, kiryat, yovel, 16","O, O, O, O, O, O, B-start_location, I-start_location, B-loca_start_num"
Plan a {difficulty: hard} run starting from {start_location: mickey marcus} {loca_start_num: 92}.,"Plan, a, hard, run, starting, from, mickey, marcus, 92, .","O, O, B-difficulty, O, O, O, B-start_location, I-start_location, B-loca_start_num, O"
Long run Sunday starting at {start_location: levinsky street} {loca_start_num: 15},"Long, run, Sunday, starting, at, levinsky, street, 15","O, O, O, O, O, B-start_location, I-start_location, B-loca_start_num"
"Yo, need a {route_length: 7.0 kilometers} route near {start_location: shazar street} {loca_start_num: 81}","Yo,, need, a, 7.0, kilometers, route, near, shazar, street, 81","O, O, O, B-route_length, I-route_length, O, O, B-start_location, I-start_location, B-loca_start_num"
planning my morning exercise need suggestions,"planning, my, morning, exercise, need, suggestions","O, O, O, O, O, O"
"{start_location: nahal sorek street} {loca_start_num: 63} to {end_location: batsheva street}, something easy please","nahal, sorek, street, 63, to, batsheva, street, ,, something, easy, please","B-start_location, I-start_location, I-start_location, B-loca_start_num, O, B-end_location, I-end_location, O, O, O, O"
im new here where should i run?,"im, new, here, where, should, i, run?","O, O, O, O, O, O, O"
Could you help me plan a {difficulty: not hard} route for my training? I live near {start_location: this place} and want to run about {route_length: half-marathon length},"Could, you, help, me, plan, a, not, hard, route, for, my, training?, I, live, near, this, place, and, want, to, run, about, half-marathon, length","O, O, O, O, O, O, B-difficulty, I-difficulty, O, O, O, O, O, O, O, B-start_location, I-start_location, O, O, O, O, O, B-route_length, I-route_length"
make me something challenging please,"make, me, something, challenging, please","O, O, O, O, O"
Need inspo for my {route_length: 14 km} run starting at {start_location: ashdod street} {loca_start_num: 77},"Need, inspo, for, my, 14, km, run, starting, at, ashdod, street, 77","O, O, O, O, B-route_length, I-route_length, O, O, O, B-start_location, I-start_location, B-loca_start_num"
"Gonna do {route_length: 8.5 km} today, where should I head from {start_location: simchat torah} {loca_start_num: 77}?","Gonna, do, 8.5, km, today,, where, should, I, head, from, simchat, torah, 77, ?","O, O, B-route_length, I-route_length, O, O, O, O, O, O, B-start_location, I-start_location, B-loca_start_num, O"
"{start_location: king david street} {loca_start_num: 72} to {end_location: ahad ha'am} {loca_end_num: 76}, {difficulty: moderate effort} {route_length: 11.5 km} please and thank you!","king, david, street, 72, to, ahad, ha'am, 76, ,, moderate, effort, 11.5, km, please, and, thank, you!","B-start_location, I-start_location, I-start_location, B-loca_start_num, O, B-end_location, I-end_location, B-loca_end_num, O, B-difficulty, I-difficulty, B-route_length, I-route_length, O, O, O, O"
"Generate a {difficulty: hard} route for me from {start_location: shivtei israel street} {loca_start_num: 35} to {end_location: mishkenot sha'ananim} {loca_end_num: 51}, covering {route_length: 14 km}.","Generate, a, hard, route, for, me, from, shivtei, israel, street, 35, to, mishkenot, sha'ananim, 51, ,, covering, 14, km, .","O, O, B-difficulty, O, O, O, O, B-start_location, I-start_location, I-start_location, B-loca_start_num, O, B-end_location, I-end_location, B-loca_end_num, O, O, B-route_length, I-route_length, O"
{route_length: 11 km} {difficulty: very easy} path please,"11, km, very, easy, path, please","B-route_length, I-route_length, B-difficulty, I-difficulty, O, O"
Ready to crush {route_length: 15 kilometers} from {start_location: my present location},"Ready, to, crush, 15, kilometers, from, my, present, location","O, O, O, B-route_length, I-route_length, O, B-start_location, I-start_location, I-start_location"
Hi runners! Visiting Tel Aviv next month and would love some suggestions for scenic routes that aren't too tourist-heavy - preferably {difficulty: extreme difficulty} difficulty,"Hi, runners!, Visiting, Tel, Aviv, next, month, and, would, love, some, suggestions, for, scenic, routes, that, aren't, too, tourist-heavy, -, preferably, extreme, difficulty, difficulty","O, O, O, O, O, O, O, O, O, O, O, O, O, O, O, O, O, O, O, O, O, B-difficulty, I-difficulty, O"
pls make running route {difficulty: medium} about {route_length: 14.0 kilometers} starting {start_location: amos street} {loca_start_num: 54} ending {end_location: malkhei yisrael} {loca_end_num: 92},"pls, make, running, route, medium, about, 14.0, kilometers, starting, amos, street, 54, ending, malkhei, yisrael, 92","O, O, O, O, B-difficulty, O, B-route_length, I-route_length, O, B-start_location, I-start_location, B-loca_start_num, O, B-end_location, I-end_location, B-loca_end_num"
{start_location: malchei israel} {loca_start_num: 90} to {end_location: ha'shayarot street} {loca_end_num: 71},"malchei, israel, 90, to, ha'shayarot, street, 71","B-start_location, I-start_location, B-loca_start_num, O, B-end_location, I-end_location, B-loca_end_num"
help plan my morning exercise,"help, plan, my, morning, exercise","O, O, O, O, O"
"{start_location: ramon crater} {loca_start_num: 85} to {end_location: ha'ayin het street} {loca_end_num: 97}, {difficulty: easy}","ramon, crater, 85, to, ha'ayin, het, street, 97, ,, easy","B-start_location, I-start_location, B-loca_start_num, O, B-end_location, I-end_location, I-end_location, B-loca_end_num, O, B-difficulty"
elderly person needs walking route suggestion,"elderly, person, needs, walking, route, suggestion","O, O, O, O, O, O"
pls make running route {difficulty: flat and easy} about {route_length: 19.0 km} starting {start_location: lions gate street} {loca_start_num: 77} ending {end_location: old city market street} {loca_end_num: 51},"pls, make, running, route, flat, and, easy, about, 19.0, km, starting, lions, gate, street, 77, ending, old, city, market, street, 51","O, O, O, O, B-difficulty, I-difficulty, I-difficulty, O, B-route_length, I-route_length, O, B-start_location, I-start_location, I-start_location, B-loca_start_num, O, B-end_location, I-end_location, I-end_location, I-end_location, B-loca_end_num"
make me route plz {difficulty: difficult but rewarding} like {route_length: 15.5 kilometers} from {start_location: hahistadrut} {loca_start_num: 69} until {end_location: ancient harbor street} {loca_end_num: 34},"make, me, route, plz, difficult, but, rewarding, like, 15.5, kilometers, from, hahistadrut, 69, until, ancient, harbor, street, 34","O, O, O, O, B-difficulty, I-difficulty, I-difficulty, O, B-route_length, I-route_length, O, B-start_location, B-loca_start_num, O, B-end_location, I-end_location, I-end_location, B-loca_end_num"
can u make {difficulty: very easy} route from {start_location: yitzhak sadeh},"can, u, make, very, easy, route, from, yitzhak, sadeh","O, O, O, B-difficulty, I-difficulty, O, O, B-start_location, I-start_location"
Trying to find a good {route_length: 3-5 km} run near {start_location: ramat aviv street} {loca_start_num: 10},"Trying, to, find, a, good, 3-5, km, run, near, ramat, aviv, street, 10","O, O, O, O, O, B-route_length, I-route_length, O, O, B-start_location, I-start_location, I-start_location, B-loca_start_num"
Want to avoid muddy trails from {start_location: hanegev} {loca_start_num: 92},"Want, to, avoid, muddy, trails, from, hanegev, 92","O, O, O, O, O, O, B-start_location, B-loca_start_num"
im new here where should i run?,"im, new, here, where, should, i, run?","O, O, O, O, O, O, O"
run from {start_location: ada yonath} to {end_location: herzl boulevard} {loca_end_num: 13},"run, from, ada, yonath, to, herzl, boulevard, 13","O, O, B-start_location, I-start_location, O, B-end_location, I-end_location, B-loca_end_num"
start at {start_location: daniel street} going to beach,"start, at, daniel, street, going, to, beach","O, O, B-start_location, I-start_location, O, O, O"
runner here looking for {difficulty: flat and easy} path {route_length: 11.5 km},"runner, here, looking, for, flat, and, easy, path, 11.5, km","O, O, O, O, B-difficulty, I-difficulty, I-difficulty, O, B-route_length, I-route_length"
Visiting the area - where can I do a quick {route_length: 1-3 km} run near {start_location: miriam haneviah street} {loca_start_num: 30}?,"Visiting, the, area, -, where, can, I, do, a, quick, 1-3, km, run, near, miriam, haneviah, street, 30, ?","O, O, O, O, O, O, O, O, O, O, B-route_length, I-route_length, O, O, B-start_location, I-start_location, I-start_location, B-loca_start_num, O"
"Running with newbies, need an easy {route_length: 17.0 km} loop from {start_location: enzo sereni} {loca_start_num: 100}","Running, with, newbies,, need, an, easy, 17.0, km, loop, from, enzo, sereni, 100","O, O, O, O, O, O, B-route_length, I-route_length, O, O, B-start_location, I-start_location, B-loca_start_num"
{start_location: daniel street} {loca_start_num: 92} to {end_location: strauss} {loca_end_num: 80},"daniel, street, 92, to, strauss, 80","B-start_location, I-start_location, B-loca_start_num, O, B-end_location, B-loca_end_num"
plan route ending {end_location: hashmonaim} {loca_end_num: 43},"plan, route, ending, hashmonaim, 43","O, O, O, B-end_location, B-loca_end_num"
Can you suggest a running route?,"Can, you, suggest, a, running, route?","O, O, O, O, O, O"
"Looking for a nice scenic route that goes from {start_location: yigael yadin street} {loca_start_num: 85} to {end_location: shai agnon street} {loca_end_num: 12}, preferably {difficulty: slightly challenging} since I'm just getting back into running","Looking, for, a, nice, scenic, route, that, goes, from, yigael, yadin, street, 85, to, shai, agnon, street, 12, ,, preferably, slightly, challenging, since, I'm, just, getting, back, into, running","O, O, O, O, O, O, O, O, O, B-start_location, I-start_location, I-start_location, B-loca_start_num, O, B-end_location, I-end_location, I-end_location, B-loca_end_num, O, O, B-difficulty, I-difficulty, O, O, O, O, O, O, O"
I want a running route of {route_length: 14.0 km}.,"I, want, a, running, route, of, 14.0, km, .","O, O, O, O, O, O, B-route_length, I-route_length, O"
looking for {difficulty: moderate effort} track,"looking, for, moderate, effort, track","O, O, B-difficulty, I-difficulty, O"
route planning help please,"route, planning, help, please","O, O, O, O"
Need a {route_length: 10.5 kilometers} route from {start_location: hanevi'im street} {loca_start_num: 86} to {end_location: malkhei yisrael} {loca_end_num: 12} that's {difficulty: extreme difficulty} level - training for a race next month,"Need, a, 10.5, kilometers, route, from, hanevi'im, street, 86, to, malkhei, yisrael, 12, that's, extreme, difficulty, level, -, training, for, a, race, next, month","O, O, B-route_length, I-route_length, O, O, B-start_location, I-start_location, B-loca_start_num, O, B-end_location, I-end_location, B-loca_end_num, O, B-difficulty, I-difficulty, O, O, O, O, O, O, O, O"
Easy recovery run - need a {route_length: 3.0 km} route near {start_location: alice miller street} {loca_start_num: 89},"Easy, recovery, run, -, need, a, 3.0, km, route, near, alice, miller, street, 89","O, O, O, O, O, O, B-route_length, I-route_length, O, O, B-start_location, I-start_location, I-start_location, B-loca_start_num"
recommend me somewhere nice to run,"recommend, me, somewhere, nice, to, run","O, O, O, O, O, O"
"{start_location: bauhaus street} {loca_start_num: 7} to {end_location: hebrew university} {loca_end_num: 71}, {difficulty: slightly challenging} {route_length: 10 kilometers}","bauhaus, street, 7, to, hebrew, university, 71, ,, slightly, challenging, 10, kilometers","B-start_location, I-start_location, B-loca_start_num, O, B-end_location, I-end_location, B-loca_end_num, O, B-difficulty, I-difficulty, B-route_length, I-route_length"
What's the best way to do {route_length: 11.0 kilometers} starting from {start_location: hashual street} {loca_start_num: 99}?,"What's, the, best, way, to, do, 11.0, kilometers, starting, from, hashual, street, 99, ?","O, O, O, O, O, O, B-route_length, I-route_length, O, O, B-start_location, I-start_location, B-loca_start_num, O"
elderly person needs walking route suggestion,"elderly, person, needs, walking, route, suggestion","O, O, O, O, O, O"
{start_location: beit hadfus} {loca_start_num: 63} to {end_location: hebron road} {loca_end_num: 87},"beit, hadfus, 63, to, hebron, road, 87","B-start_location, I-start_location, B-loca_start_num, O, B-end_location, I-end_location, B-loca_end_num"
{difficulty: slightly challenging} {route_length: 300 meters} please,"slightly, challenging, 300, meters, please","B-difficulty, I-difficulty, B-route_length, I-route_length, O"
Plan a {difficulty: moderate effort} run between {start_location: maskit} {loca_start_num: 60} and {end_location: waze street} {loca_end_num: 78} for {route_length: medium-length}.,"Plan, a, moderate, effort, run, between, maskit, 60, and, waze, street, 78, for, medium-length, .","O, O, B-difficulty, I-difficulty, O, O, B-start_location, B-loca_start_num, O, B-end_location, I-end_location, B-loca_end_num, O, B-route_length, O"
looking for {difficulty: challenging} route {route_length: 2 km},"looking, for, challenging, route, 2, km","O, O, B-difficulty, O, B-route_length, I-route_length"
Need some hills in my run from {start_location: yirmiyahu} {loca_start_num: 44},"Need, some, hills, in, my, run, from, yirmiyahu, 44","O, O, O, O, O, O, O, B-start_location, B-loca_start_num"
looking for {route_length: long} run with nice views,"looking, for, long, run, with, nice, views","O, O, B-route_length, O, O, O, O"
need {difficulty: extreme difficulty} route about {route_length: 6.5 km},"need, extreme, difficulty, route, about, 6.5, km","O, B-difficulty, I-difficulty, O, O, B-route_length, I-route_length"
where to run for good city views?,"where, to, run, for, good, city, views?","O, O, O, O, O, O, O"
Plan a route of {route_length: 18.5 kilometers}.,"Plan, a, route, of, 18.5, kilometers, .","O, O, O, O, B-route_length, I-route_length, O"
where should i run in tel aviv?,"where, should, i, run, in, tel, aviv?","O, O, O, O, O, O, O"
Got any good routes nearby?,"Got, any, good, routes, nearby?","O, O, O, O, O"
newbie here want {difficulty: very hard} route {route_length: 10.5 km} start {start_location: levi eshkol street} {loca_start_num: 48} end {end_location: ruth street} {loca_end_num: 65},"newbie, here, want, very, hard, route, 10.5, km, start, levi, eshkol, street, 48, end, ruth, street, 65","O, O, O, B-difficulty, I-difficulty, O, B-route_length, I-route_length, O, B-start_location, I-start_location, I-start_location, B-loca_start_num, O, B-end_location, I-end_location, B-loca_end_num"
make me {difficulty: easy} route please,"make, me, easy, route, please","O, O, B-difficulty, O, O"
Map me a route from {start_location: menashe street} {loca_start_num: 47},"Map, me, a, route, from, menashe, street, 47","O, O, O, O, O, B-start_location, I-start_location, B-loca_start_num"
Planning a social run - need a {difficulty: difficult but rewarding} {route_length: 16 km} route with good stopping points,"Planning, a, social, run, -, need, a, difficult, but, rewarding, 16, km, route, with, good, stopping, points","O, O, O, O, O, O, O, B-difficulty, I-difficulty, I-difficulty, B-route_length, I-route_length, O, O, O, O, O"
im new here where should i run?,"im, new, here, where, should, i, run?","O, O, O, O, O, O, O"
"Looking for a nice scenic route that goes from {start_location: sheinkin} {loca_start_num: 76} to {end_location: narkis} {loca_end_num: 21}, preferably {difficulty: flat and easy} since I'm just getting back into running","Looking, for, a, nice, scenic, route, that, goes, from, sheinkin, 76, to, narkis, 21, ,, preferably, flat, and, easy, since, I'm, just, getting, back, into, running","O, O, O, O, O, O, O, O, O, B-start_location, B-loca_start_num, O, B-end_location, B-loca_end_num, O, O, B-difficulty, I-difficulty, I-difficulty, O, O, O, O, O, O, O"
Can you suggest a {difficulty: very easy} running route from {start_location: sephardim street} {loca_start_num: 41} to {end_location: machane yehuda street} {loca_end_num: 13} with {route_length: 4 kilometers}?,"Can, you, suggest, a, very, easy, running, route, from, sephardim, street, 41, to, machane, yehuda, street, 13, with, 4, kilometers, ?","O, O, O, O, B-difficulty, I-difficulty, O, O, O, B-start_location, I-start_location, B-loca_start_num, O, B-end_location, I-end_location, I-end_location, B-loca_end_num, O, B-route_length, I-route_length, O"
"I need a {difficulty: hard} run starting at {start_location: hashmonaim street} {loca_start_num: 95}, heading to {end_location: revival} {loca_end_num: 9}, and covering {route_length: 19.0 km}.","I, need, a, hard, run, starting, at, hashmonaim, street, 95, ,, heading, to, revival, 9, ,, and, covering, 19.0, km, .","O, O, O, B-difficulty, O, O, O, B-start_location, I-start_location, B-loca_start_num, O, O, O, B-end_location, B-loca_end_num, O, O, O, B-route_length, I-route_length, O"
route to {end_location: ben yehuda street} thats {difficulty: moderate effort},"route, to, ben, yehuda, street, thats, moderate, effort","O, O, B-end_location, I-end_location, I-end_location, O, B-difficulty, I-difficulty"
{route_length: 16.5 kilometers} {difficulty: moderate effort} route from {start_location: shlomzion hamalka} {loca_start_num: 30} to {end_location: nahal sorek} {loca_end_num: 33},"16.5, kilometers, moderate, effort, route, from, shlomzion, hamalka, 30, to, nahal, sorek, 33","B-route_length, I-route_length, B-difficulty, I-difficulty, O, O, B-start_location, I-start_location, B-loca_start_num, O, B-end_location, I-end_location, B-loca_end_num"
run starting {start_location: startup} {loca_start_num: 90},"run, starting, startup, 90","O, O, B-start_location, B-loca_start_num"
Can you suggest a nice morning running path that's not too difficult? Maybe around {route_length: 15.0 kilometers} somewhere near the beach?,"Can, you, suggest, a, nice, morning, running, path, that's, not, too, difficult?, Maybe, around, 15.0, kilometers, somewhere, near, the, beach?","O, O, O, O, O, O, O, O, O, O, O, O, O, O, B-route_length, I-route_length, O, O, O, O"
Looking for a nice {difficulty: intense} path from {start_location: even gvirol} {loca_start_num: 81} that's good for elderly people,"Looking, for, a, nice, intense, path, from, even, gvirol, 81, that's, good, for, elderly, people","O, O, O, O, B-difficulty, O, O, B-start_location, I-start_location, B-loca_start_num, O, O, O, O, O"
wheres good for morning jog?,"wheres, good, for, morning, jog?","O, O, O, O, O"
{start_location: dance quarter} {loca_start_num: 96} run,"dance, quarter, 96, run","B-start_location, I-start_location, B-loca_start_num, O"
"Planning a group run, need a {difficulty: somewhat tough} {route_length: 7.0 kilometers} route from {start_location: bedouin path} {loca_start_num: 17}","Planning, a, group, run,, need, a, somewhat, tough, 7.0, kilometers, route, from, bedouin, path, 17","O, O, O, O, O, O, B-difficulty, I-difficulty, B-route_length, I-route_length, O, O, B-start_location, I-start_location, B-loca_start_num"
need {difficulty: medium} track starting from {start_location: shoshana damari} {loca_start_num: 43},"need, medium, track, starting, from, shoshana, damari, 43","O, B-difficulty, O, O, O, B-start_location, I-start_location, B-loca_start_num"
hi can u plan {difficulty: hard} run {route_length: 8.0 km} from {start_location: weizmann institute street} {loca_start_num: 47} to {end_location: textile} {loca_end_num: 7},"hi, can, u, plan, hard, run, 8.0, km, from, weizmann, institute, street, 47, to, textile, 7","O, O, O, O, B-difficulty, O, B-route_length, I-route_length, O, B-start_location, I-start_location, I-start_location, B-loca_start_num, O, B-end_location, B-loca_end_num"
planning weekend run need ideas,"planning, weekend, run, need, ideas","O, O, O, O, O"
competitive runner need {difficulty: hard} track {route_length: 7 km} from {start_location: sderot eshkol} {loca_start_num: 61} to {end_location: yigal allon street} {loca_end_num: 37},"competitive, runner, need, hard, track, 7, km, from, sderot, eshkol, 61, to, yigal, allon, street, 37","O, O, O, B-difficulty, O, B-route_length, I-route_length, O, B-start_location, I-start_location, B-loca_start_num, O, B-end_location, I-end_location, I-end_location, B-loca_end_num"
I need a running route that goes from {start_location: hagefen street} {loca_start_num: 71} to {end_location: international style} {loca_end_num: 42}.,"I, need, a, running, route, that, goes, from, hagefen, street, 71, to, international, style, 42, .","O, O, O, O, O, O, O, O, B-start_location, I-start_location, B-loca_start_num, O, B-end_location, I-end_location, B-loca_end_num, O"
"Half marathon prep, looking for a {difficulty: slightly challenging} {route_length: 6 kilometers} from {start_location: poland} {loca_start_num: 13}","Half, marathon, prep,, looking, for, a, slightly, challenging, 6, kilometers, from, poland, 13","O, O, O, O, O, O, B-difficulty, I-difficulty, B-route_length, I-route_length, O, B-start_location, B-loca_start_num"
"Could you suggest a {difficulty: difficult but rewarding} running route between {start_location: beit hakerem} {loca_start_num: 94} and {end_location: asher street} {loca_end_num: 22}, covering {route_length: 5.5 kilometers}?","Could, you, suggest, a, difficult, but, rewarding, running, route, between, beit, hakerem, 94, and, asher, street, 22, ,, covering, 5.5, kilometers, ?","O, O, O, O, B-difficulty, I-difficulty, I-difficulty, O, O, O, B-start_location, I-start_location, B-loca_start_num, O, B-end_location, I-end_location, B-loca_end_num, O, O, B-route_length, I-route_length, O"
"Late night run, need a safe {route_length: 13.5 kilometers} route from {start_location: bet alpha} {loca_start_num: 55}","Late, night, run,, need, a, safe, 13.5, kilometers, route, from, bet, alpha, 55","O, O, O, O, O, O, B-route_length, I-route_length, O, O, B-start_location, I-start_location, B-loca_start_num"
Need inspo for my {route_length: 15.5 km} run starting at {start_location: ahad ha'am street} {loca_start_num: 73},"Need, inspo, for, my, 15.5, km, run, starting, at, ahad, ha'am, street, 73","O, O, O, O, B-route_length, I-route_length, O, O, O, B-start_location, I-start_location, I-start_location, B-loca_start_num"
plan route ending {end_location: hashual} {loca_end_num: 19},"plan, route, ending, hashual, 19","O, O, O, B-end_location, B-loca_end_num"
Need a pre work route around {route_length: 3 kilometers} starting at {start_location: silicon wadi} {loca_start_num: 45},"Need, a, pre, work, route, around, 3, kilometers, starting, at, silicon, wadi, 45","O, O, O, O, O, O, B-route_length, I-route_length, O, O, B-start_location, I-start_location, B-loca_start_num"
need quick morning run suggestion,"need, quick, morning, run, suggestion","O, O, O, O, O"
can you suggest good running path?,"can, you, suggest, good, running, path?","O, O, O, O, O, O"
can u plan my morning jog?,"can, u, plan, my, morning, jog?","O, O, O, O, O, O"
where do locals usually run?,"where, do, locals, usually, run?","O, O, O, O, O"
plan running route {difficulty: not hard} distance {route_length: 3.0 kilometers} starting {start_location: innovation district} {loca_start_num: 8} ending {end_location: habustan street} {loca_end_num: 68},"plan, running, route, not, hard, distance, 3.0, kilometers, starting, innovation, district, 8, ending, habustan, street, 68","O, O, O, B-difficulty, I-difficulty, O, B-route_length, I-route_length, O, B-start_location, I-start_location, B-loca_start_num, O, B-end_location, I-end_location, B-loca_end_num"
"Generate a {difficulty: extreme difficulty} route for me from {start_location: chaim nachman bialik street} {loca_start_num: 22} to {end_location: pierre koenig} {loca_end_num: 25}, covering {route_length: over 20 km}.","Generate, a, extreme, difficulty, route, for, me, from, chaim, nachman, bialik, street, 22, to, pierre, koenig, 25, ,, covering, over, 20, km, .","O, O, B-difficulty, I-difficulty, O, O, O, O, B-start_location, I-start_location, I-start_location, I-start_location, B-loca_start_num, O, B-end_location, I-end_location, B-loca_end_num, O, O, B-route_length, I-route_length, I-route_length, O"
"{start_location: international style street} {loca_start_num: 51} to {end_location: ben gurion university street} {loca_end_num: 62}, {difficulty: very hard} {route_length: 4 kilometers} please and thank you!","international, style, street, 51, to, ben, gurion, university, street, 62, ,, very, hard, 4, kilometers, please, and, thank, you!","B-start_location, I-start_location, I-start_location, B-loca_start_num, O, B-end_location, I-end_location, I-end_location, I-end_location, B-loca_end_num, O, B-difficulty, I-difficulty, B-route_length, I-route_length, O, O, O, O"
"Need bathrooms along the way, {route_length: 1 km} route from {start_location: hakumin street} {loca_start_num: 45}?","Need, bathrooms, along, the, way,, 1, km, route, from, hakumin, street, 45, ?","O, O, O, O, O, B-route_length, I-route_length, O, O, B-start_location, I-start_location, B-loca_start_num, O"
"Looking for a {route_length: 300 meters} path from {start_location: jabotinsky street} {loca_start_num: 86} to {end_location: shlomo zalman shragai} {loca_end_num: 42}, something not too challenging for my morning exercise","Looking, for, a, 300, meters, path, from, jabotinsky, street, 86, to, shlomo, zalman, shragai, 42, ,, something, not, too, challenging, for, my, morning, exercise","O, O, O, B-route_length, I-route_length, O, O, B-start_location, I-start_location, B-loca_start_num, O, B-end_location, I-end_location, I-end_location, B-loca_end_num, O, O, O, O, O, O, O, O, O"
Looking for a scenic route that's approximately {route_length: 12.0 km} and {difficulty: easy} - my mom is visiting and wants to go for a walk,"Looking, for, a, scenic, route, that's, approximately, 12.0, km, and, easy, -, my, mom, is, visiting, and, wants, to, go, for, a, walk","O, O, O, O, O, O, O, B-route_length, I-route_length, O, B-difficulty, O, O, O, O, O, O, O, O, O, O, O, O"
"Post race recovery run, something easy near {start_location: baka} {loca_start_num: 63}","Post, race, recovery, run,, something, easy, near, baka, 63","O, O, O, O, O, O, O, B-start_location, B-loca_start_num"
where to run in tel aviv?,"where, to, run, in, tel, aviv?","O, O, O, O, O, O"
Want to avoid muddy trails from {start_location: baka street} {loca_start_num: 69},"Want, to, avoid, muddy, trails, from, baka, street, 69","O, O, O, O, O, O, B-start_location, I-start_location, B-loca_start_num"
competitive runner need {difficulty: not hard} track {route_length: 11.5 km} from {start_location: ben yehuda street} {loca_start_num: 76} to {end_location: yehuda halevi} {loca_end_num: 10},"competitive, runner, need, not, hard, track, 11.5, km, from, ben, yehuda, street, 76, to, yehuda, halevi, 10","O, O, O, B-difficulty, I-difficulty, O, B-route_length, I-route_length, O, B-start_location, I-start_location, I-start_location, B-loca_start_num, O, B-end_location, I-end_location, B-loca_end_num"
Looking for a scenic route that's approximately {route_length: 6.0 kilometers} and {difficulty: somewhat tough} - my mom is visiting and wants to go for a walk,"Looking, for, a, scenic, route, that's, approximately, 6.0, kilometers, and, somewhat, tough, -, my, mom, is, visiting, and, wants, to, go, for, a, walk","O, O, O, O, O, O, O, B-route_length, I-route_length, O, B-difficulty, I-difficulty, O, O, O, O, O, O, O, O, O, O, O, O"
start {start_location: esther roth} {loca_start_num: 72} {difficulty: moderate effort},"start, esther, roth, 72, moderate, effort","O, B-start_location, I-start_location, B-loca_start_num, B-difficulty, I-difficulty"
"Planning my weekend long run, need a {difficulty: very hard} path from {start_location: beit lessin} {loca_start_num: 19} to {end_location: cafe roval} {loca_end_num: 83}, about {route_length: 9.0 km}","Planning, my, weekend, long, run,, need, a, very, hard, path, from, beit, lessin, 19, to, cafe, roval, 83, ,, about, 9.0, km","O, O, O, O, O, O, O, B-difficulty, I-difficulty, O, O, B-start_location, I-start_location, B-loca_start_num, O, B-end_location, I-end_location, B-loca_end_num, O, O, B-route_length, I-route_length"
{difficulty: slightly challenging} from {start_location: king george street},"slightly, challenging, from, king, george, street","B-difficulty, I-difficulty, O, B-start_location, I-start_location, I-start_location"
"Plan a {difficulty: flat and easy} running route that starts at {start_location: habustan street} {loca_start_num: 48} and ends at {end_location: roman cardo} {loca_end_num: 64}, with a length of {route_length: 12.0 km}.","Plan, a, flat, and, easy, running, route, that, starts, at, habustan, street, 48, and, ends, at, roman, cardo, 64, ,, with, a, length, of, 12.0, km, .","O, O, B-difficulty, I-difficulty, I-difficulty, O, O, O, O, O, B-start_location, I-start_location, B-loca_start_num, O, O, O, B-end_location, I-end_location, B-loca_end_num, O, O, O, O, O, B-route_length, I-route_length, O"
Doing a quick lunch run from {start_location: hillel} {loca_start_num: 11},"Doing, a, quick, lunch, run, from, hillel, 11","O, O, O, O, O, O, B-start_location, B-loca_start_num"
where to run {route_length: 16 km}?,"where, to, run, 16, km, ?","O, O, O, B-route_length, I-route_length, O"
newbie here want {difficulty: very hard} route {route_length: 250 meters} start {start_location: shlomzion hamalka} {loca_start_num: 38} end {end_location: white city} {loca_end_num: 15},"newbie, here, want, very, hard, route, 250, meters, start, shlomzion, hamalka, 38, end, white, city, 15","O, O, O, B-difficulty, I-difficulty, O, B-route_length, I-route_length, O, B-start_location, I-start_location, B-loca_start_num, O, B-end_location, I-end_location, B-loca_end_num"
"First time running in this area, need a {route_length: 11.0 kilometers} route near {start_location: hapalmach} {loca_start_num: 57}","First, time, running, in, this, area,, need, a, 11.0, kilometers, route, near, hapalmach, 57","O, O, O, O, O, O, O, O, B-route_length, I-route_length, O, O, B-start_location, B-loca_start_num"
"I want to run {route_length: 7.5 km} starting at {start_location: technion street} {loca_start_num: 84} and ending at {end_location: gilboa street} {loca_end_num: 45}, with {difficulty: medium} difficulty.","I, want, to, run, 7.5, km, starting, at, technion, street, 84, and, ending, at, gilboa, street, 45, ,, with, medium, difficulty.","O, O, O, O, B-route_length, I-route_length, O, O, B-start_location, I-start_location, B-loca_start_num, O, O, O, B-end_location, I-end_location, B-loca_end_num, O, O, B-difficulty, O"
"Looking for a busy route for my evening run, about {route_length: 11 km}","Looking, for, a, busy, route, for, my, evening, run,, about, 11, km","O, O, O, O, O, O, O, O, O, O, B-route_length, I-route_length"
"{start_location: ramban street} {loca_start_num: 65} to {end_location: alexander zarchin} {loca_end_num: 66}, not too difficult","ramban, street, 65, to, alexander, zarchin, 66, ,, not, too, difficult","B-start_location, I-start_location, B-loca_start_num, O, B-end_location, I-end_location, B-loca_end_num, O, O, O, O"
{start_location: sharon street} {loca_start_num: 47} to {end_location: tiberias},"sharon, street, 47, to, tiberias","B-start_location, I-start_location, B-loca_start_num, O, B-end_location"
"{start_location: hataasiya} {loca_start_num: 41} to {end_location: tel hashomer} {loca_end_num: 74}, something {difficulty: difficult but rewarding}","hataasiya, 41, to, tel, hashomer, 74, ,, something, difficult, but, rewarding","B-start_location, B-loca_start_num, O, B-end_location, I-end_location, B-loca_end_num, O, O, B-difficulty, I-difficulty, I-difficulty"
older person need {difficulty: moderate effort} path {route_length: 11.5 km} start {start_location: moshe sneh street} {loca_start_num: 82} finish {end_location: bialik prize} {loca_end_num: 27},"older, person, need, moderate, effort, path, 11.5, km, start, moshe, sneh, street, 82, finish, bialik, prize, 27","O, O, O, B-difficulty, I-difficulty, O, B-route_length, I-route_length, O, B-start_location, I-start_location, I-start_location, B-loca_start_num, O, B-end_location, I-end_location, B-loca_end_num"
Plan a route of {route_length: 13.5 km}.,"Plan, a, route, of, 13.5, km, .","O, O, O, O, B-route_length, I-route_length, O"
I want a {difficulty: extreme difficulty} route from {start_location: moshe dayan} {loca_start_num: 62}.,"I, want, a, extreme, difficulty, route, from, moshe, dayan, 62, .","O, O, O, B-difficulty, I-difficulty, O, O, B-start_location, I-start_location, B-loca_start_num, O"
"Could you suggest a {difficulty: somewhat tough} running route between {start_location: miriam haneviah street} {loca_start_num: 73} and {end_location: tell street} {loca_end_num: 57}, covering {route_length: 3-5 km}?","Could, you, suggest, a, somewhat, tough, running, route, between, miriam, haneviah, street, 73, and, tell, street, 57, ,, covering, 3-5, km, ?","O, O, O, O, B-difficulty, I-difficulty, O, O, O, B-start_location, I-start_location, I-start_location, B-loca_start_num, O, B-end_location, I-end_location, B-loca_end_num, O, O, B-route_length, I-route_length, O"
Looking for a scenic {route_length: 17.5 km} from {start_location: yigal alon street} {loca_start_num: 29},"Looking, for, a, scenic, 17.5, km, from, yigal, alon, street, 29","O, O, O, O, B-route_length, I-route_length, O, B-start_location, I-start_location, I-start_location, B-loca_start_num"
need a {difficulty: intense} path from {start_location: cafe tamar} {loca_start_num: 85} to {end_location: near me} that's {route_length: 1.5 km},"need, a, intense, path, from, cafe, tamar, 85, to, near, me, that's, 1.5, km","O, O, B-difficulty, O, O, B-start_location, I-start_location, B-loca_start_num, O, B-end_location, I-end_location, O, B-route_length, I-route_length"
"Not feeling it today, got an easy {route_length: 15.5 kilometers} route near {start_location: keter} {loca_start_num: 71}?","Not, feeling, it, today,, got, an, easy, 15.5, kilometers, route, near, keter, 71, ?","O, O, O, O, O, O, O, B-route_length, I-route_length, O, O, B-start_location, B-loca_start_num, O"
First-time runner here looking for a beginner-friendly route without too many hills - maybe starting from {start_location: cafe tamar} and heading towards the beach area?,"First-time, runner, here, looking, for, a, beginner-friendly, route, without, too, many, hills, -, maybe, starting, from, cafe, tamar, and, heading, towards, the, beach, area?","O, O, O, O, O, O, O, O, O, O, O, O, O, O, O, O, B-start_location, I-start_location, O, O, O, O, O, O"
Make me a route from {start_location: hakurkum street} {loca_start_num: 41},"Make, me, a, route, from, hakurkum, street, 41","O, O, O, O, O, B-start_location, I-start_location, B-loca_start_num"
start {start_location: innovation} {loca_start_num: 34} {difficulty: moderate effort},"start, innovation, 34, moderate, effort","O, B-start_location, B-loca_start_num, B-difficulty, I-difficulty"
Morning run starting at {start_location: rambam street} {loca_start_num: 76},"Morning, run, starting, at, rambam, street, 76","O, O, O, O, B-start_location, I-start_location, B-loca_start_num"
running route recommendations?,"running, route, recommendations?","O, O, O"
run from {start_location: meah shearim} to {end_location: light rail} {loca_end_num: 71},"run, from, meah, shearim, to, light, rail, 71","O, O, B-start_location, I-start_location, O, B-end_location, I-end_location, B-loca_end_num"
"Gonna do {route_length: 19 km} today, where should I head from {start_location: ofek} {loca_start_num: 7}?","Gonna, do, 19, km, today,, where, should, I, head, from, ofek, 7, ?","O, O, B-route_length, I-route_length, O, O, O, O, O, O, B-start_location, B-loca_start_num, O"
Please suggest a route from {start_location: hanegev} {loca_start_num: 38} to {end_location: david street} {loca_end_num: 10}.,"Please, suggest, a, route, from, hanegev, 38, to, david, street, 10, .","O, O, O, O, O, B-start_location, B-loca_start_num, O, B-end_location, I-end_location, B-loca_end_num, O"
looking for {difficulty: very easy} track,"looking, for, very, easy, track","O, O, B-difficulty, I-difficulty, O"
Need a good running track for my morning exercise - something that starts near {start_location: zevulun street} and is moderately challenging,"Need, a, good, running, track, for, my, morning, exercise, -, something, that, starts, near, zevulun, street, and, is, moderately, challenging","O, O, O, O, O, O, O, O, O, O, O, O, O, O, B-start_location, I-start_location, O, O, O, O"
plan me something {difficulty: medium} around {route_length: 250 meters},"plan, me, something, medium, around, 250, meters","O, O, O, B-difficulty, O, B-route_length, I-route_length"
Generate a {difficulty: not hard} run that is {route_length: 6.5 km}.,"Generate, a, not, hard, run, that, is, 6.5, km, .","O, O, B-difficulty, I-difficulty, O, O, O, B-route_length, I-route_length, O"
"I want to run from {start_location: ted arison} {loca_start_num: 2} to {end_location: nahal alexander} {loca_end_num: 23}, need {route_length: short} {difficulty: very easy} route","I, want, to, run, from, ted, arison, 2, to, nahal, alexander, 23, ,, need, short, very, easy, route","O, O, O, O, O, B-start_location, I-start_location, B-loca_start_num, O, B-end_location, I-end_location, B-loca_end_num, O, O, B-route_length, B-difficulty, I-difficulty, O"
{difficulty: medium} path to {end_location: rehavia} {loca_end_num: 43},"medium, path, to, rehavia, 43","B-difficulty, O, O, B-end_location, B-loca_end_num"
im new here where should i run?,"im, new, here, where, should, i, run?","O, O, O, O, O, O, O"
Doing {route_length: 7.5 kilometers} today starting at {start_location: golan} {loca_start_num: 6},"Doing, 7.5, kilometers, today, starting, at, golan, 6","O, B-route_length, I-route_length, O, O, O, B-start_location, B-loca_start_num"
{route_length: 3.0 km} path somewhere nice,"3.0, km, path, somewhere, nice","B-route_length, I-route_length, O, O, O"
xperienced runner want {difficulty: very hard} path {route_length: 3.0 km} start {start_location: jaffa road} {loca_start_num: 18} finish {end_location: airport city street} {loca_end_num: 63},"xperienced, runner, want, very, hard, path, 3.0, km, start, jaffa, road, 18, finish, airport, city, street, 63","O, O, O, B-difficulty, I-difficulty, O, B-route_length, I-route_length, O, B-start_location, I-start_location, B-loca_start_num, O, B-end_location, I-end_location, I-end_location, B-loca_end_num"
first time runner here need {difficulty: medium} track {route_length: 20.0 kilometers} from {start_location: eliyahu hanavi street} {loca_start_num: 19} 2 {end_location: red sea} {loca_end_num: 31},"first, time, runner, here, need, medium, track, 20.0, kilometers, from, eliyahu, hanavi, street, 19, 2, red, sea, 31","O, O, O, O, O, B-difficulty, O, B-route_length, I-route_length, O, B-start_location, I-start_location, I-start_location, B-loca_start_num, O, B-end_location, I-end_location, B-loca_end_num"
planning my morning exercise need suggestions,"planning, my, morning, exercise, need, suggestions","O, O, O, O, O, O"
Taking it easy today from {start_location: kibbutz street} {loca_start_num: 70},"Taking, it, easy, today, from, kibbutz, street, 70","O, O, O, O, O, B-start_location, I-start_location, B-loca_start_num"
Rainy day run - need a {difficulty: hard} {route_length: 250 meters} route with good pavement from {start_location: shalom} {loca_start_num: 84},"Rainy, day, run, -, need, a, hard, 250, meters, route, with, good, pavement, from, shalom, 84","O, O, O, O, O, O, B-difficulty, B-route_length, I-route_length, O, O, O, O, O, B-start_location, B-loca_start_num"
make me route plz {difficulty: flat and easy} like {route_length: 20.0 km} from {start_location: arthur ruppin} {loca_start_num: 65} until {end_location: oasis street} {loca_end_num: 62},"make, me, route, plz, flat, and, easy, like, 20.0, km, from, arthur, ruppin, 65, until, oasis, street, 62","O, O, O, O, B-difficulty, I-difficulty, I-difficulty, O, B-route_length, I-route_length, O, B-start_location, I-start_location, B-loca_start_num, O, B-end_location, I-end_location, B-loca_end_num"
Rainy day run - need a {difficulty: difficult but rewarding} {route_length: 7 km} route with good pavement from {start_location: daniel street} {loca_start_num: 83},"Rainy, day, run, -, need, a, difficult, but, rewarding, 7, km, route, with, good, pavement, from, daniel, street, 83","O, O, O, O, O, O, B-difficulty, I-difficulty, I-difficulty, B-route_length, I-route_length, O, O, O, O, O, B-start_location, I-start_location, B-loca_start_num"
Looking for a nice morning running path that starts from my apartment on {start_location: arthur ruppin street} {loca_start_num: 60} and heads towards the sea - something around {route_length: 6 km} would be perfect,"Looking, for, a, nice, morning, running, path, that, starts, from, my, apartment, on, arthur, ruppin, street, 60, and, heads, towards, the, sea, -, something, around, 6, km, would, be, perfect","O, O, O, O, O, O, O, O, O, O, O, O, O, B-start_location, I-start_location, I-start_location, B-loca_start_num, O, O, O, O, O, O, O, O, B-route_length, I-route_length, O, O, O"
Find me somewhere to run {route_length: 2 km},"Find, me, somewhere, to, run, 2, km","O, O, O, O, O, B-route_length, I-route_length"
Can you suggest a {difficulty: not hard} running route from {start_location: tzipori} {loca_start_num: 66} to {end_location: right where i am} {loca_end_num: 71} with {route_length: 550 meters}?,"Can, you, suggest, a, not, hard, running, route, from, tzipori, 66, to, right, where, i, am, 71, with, 550, meters, ?","O, O, O, O, B-difficulty, I-difficulty, O, O, O, B-start_location, B-loca_start_num, O, B-end_location, I-end_location, I-end_location, I-end_location, B-loca_end_num, O, B-route_length, I-route_length, O"
experienced marathoner seeking {difficulty: slightly challenging} route {route_length: 15 km} beginning {start_location: hatechnology street} {loca_start_num: 82} finishing {end_location: tel aviv} {loca_end_num: 77},"experienced, marathoner, seeking, slightly, challenging, route, 15, km, beginning, hatechnology, street, 82, finishing, tel, aviv, 77","O, O, O, B-difficulty, I-difficulty, O, B-route_length, I-route_length, O, B-start_location, I-start_location, B-loca_start_num, O, B-end_location, I-end_location, B-loca_end_num"
need route for tomorrow morning run,"need, route, for, tomorrow, morning, run","O, O, O, O, O, O"
planning my evening jog need suggestions,"planning, my, evening, jog, need, suggestions","O, O, O, O, O, O"
Please plan a {difficulty: extreme difficulty} run that starts at {start_location: shazar} {loca_start_num: 64} and ends at {end_location: yigal yadin street} {loca_end_num: 16} with a total distance of {route_length: 19 kilometers}.,"Please, plan, a, extreme, difficulty, run, that, starts, at, shazar, 64, and, ends, at, yigal, yadin, street, 16, with, a, total, distance, of, 19, kilometers, .","O, O, O, B-difficulty, I-difficulty, O, O, O, O, B-start_location, B-loca_start_num, O, O, O, B-end_location, I-end_location, I-end_location, B-loca_end_num, O, O, O, O, O, B-route_length, I-route_length, O"
Time for my long run from {start_location: aaron aaronsohn} {loca_start_num: 99},"Time, for, my, long, run, from, aaron, aaronsohn, 99","O, O, O, O, O, O, B-start_location, I-start_location, B-loca_start_num"
suggest good spots for morning exercise,"suggest, good, spots, for, morning, exercise","O, O, O, O, O, O"
beginner want {difficulty: intense} run,"beginner, want, intense, run","O, O, B-difficulty, O"
"{start_location: queen esther} {loca_start_num: 88} to {end_location: bar ilan street} {loca_end_num: 11}, {difficulty: medium} please","queen, esther, 88, to, bar, ilan, street, 11, ,, medium, please","B-start_location, I-start_location, B-loca_start_num, O, B-end_location, I-end_location, I-end_location, B-loca_end_num, O, B-difficulty, O"
need {difficulty: not hard} track starting from {start_location: hahistadrut} {loca_start_num: 57},"need, not, hard, track, starting, from, hahistadrut, 57","O, B-difficulty, I-difficulty, O, O, O, B-start_location, B-loca_start_num"
Running with friends from {start_location: efraim} {loca_start_num: 23},"Running, with, friends, from, efraim, 23","O, O, O, O, B-start_location, B-loca_start_num"
Can you provide a route to {end_location: international style} {loca_end_num: 82} that spans {route_length: 400 meters}?,"Can, you, provide, a, route, to, international, style, 82, that, spans, 400, meters, ?","O, O, O, O, O, O, B-end_location, I-end_location, B-loca_end_num, O, O, B-route_length, I-route_length, O"
Gotta do {route_length: 14.0 km} for marathon training from {start_location: moshe dayan street} {loca_start_num: 70},"Gotta, do, 14.0, km, for, marathon, training, from, moshe, dayan, street, 70","O, O, B-route_length, I-route_length, O, O, O, O, B-start_location, I-start_location, I-start_location, B-loca_start_num"
{difficulty: flat and easy} {route_length: 1.0 km} path starting {start_location: hacarmel street} {loca_start_num: 68} ending {end_location: solar energy} {loca_end_num: 84},"flat, and, easy, 1.0, km, path, starting, hacarmel, street, 68, ending, solar, energy, 84","B-difficulty, I-difficulty, I-difficulty, B-route_length, I-route_length, O, O, B-start_location, I-start_location, B-loca_start_num, O, B-end_location, I-end_location, B-loca_end_num"
Can anyone recommend a good {difficulty: flat and easy} running route that shows off the city's architecture? Staying near {start_location: maskit} {loca_start_num: 51},"Can, anyone, recommend, a, good, flat, and, easy, running, route, that, shows, off, the, city's, architecture?, Staying, near, maskit, 51","O, O, O, O, O, B-difficulty, I-difficulty, I-difficulty, O, O, O, O, O, O, O, O, O, O, B-start_location, B-loca_start_num"
need running recommendations near the beach,"need, running, recommendations, near, the, beach","O, O, O, O, O, O"
Need inspo for my {route_length: 4 kilometers} run starting at {start_location: nearby},"Need, inspo, for, my, 4, kilometers, run, starting, at, nearby","O, O, O, O, B-route_length, I-route_length, O, O, O, B-start_location"
{route_length: 550 meters} easy path please,"550, meters, easy, path, please","B-route_length, I-route_length, O, O, O"
{difficulty: not hard} path from {start_location: yad harutzim},"not, hard, path, from, yad, harutzim","B-difficulty, I-difficulty, O, O, B-start_location, I-start_location"
quick running path suggestion please,"quick, running, path, suggestion, please","O, O, O, O, O"
where do locals run?,"where, do, locals, run?","O, O, O, O"
route to {end_location: sukkot} {loca_end_num: 20},"route, to, sukkot, 20","O, O, B-end_location, B-loca_end_num"
Can you suggest a route from {start_location: marcus reiner street} {loca_start_num: 92} with a distance of {route_length: 6 km}?,"Can, you, suggest, a, route, from, marcus, reiner, street, 92, with, a, distance, of, 6, km, ?","O, O, O, O, O, O, B-start_location, I-start_location, I-start_location, B-loca_start_num, O, O, O, O, B-route_length, I-route_length, O"
tourist need {difficulty: not hard} track {route_length: 10-15 km} beginning {start_location: yehuda} {loca_start_num: 32} finishing {end_location: lions gate} {loca_end_num: 9},"tourist, need, not, hard, track, 10-15, km, beginning, yehuda, 32, finishing, lions, gate, 9","O, O, B-difficulty, I-difficulty, O, B-route_length, I-route_length, O, B-start_location, B-loca_start_num, O, B-end_location, I-end_location, B-loca_end_num"
need {difficulty: difficult but rewarding} route for my mom,"need, difficult, but, rewarding, route, for, my, mom","O, B-difficulty, I-difficulty, I-difficulty, O, O, O, O"
Can you suggest a route from {start_location: bialik street} {loca_start_num: 72} with a distance of {route_length: 17 km}?,"Can, you, suggest, a, route, from, bialik, street, 72, with, a, distance, of, 17, km, ?","O, O, O, O, O, O, B-start_location, I-start_location, B-loca_start_num, O, O, O, O, B-route_length, I-route_length, O"
Show me the best {route_length: 17 km} route near {start_location: old city market} {loca_start_num: 80},"Show, me, the, best, 17, km, route, near, old, city, market, 80","O, O, O, O, B-route_length, I-route_length, O, O, B-start_location, I-start_location, I-start_location, B-loca_start_num"
best places to run here?,"best, places, to, run, here?","O, O, O, O, O"
"Legs are toast, need a flat {route_length: 4.0 kilometers} route from {start_location: golda meir boulevard} {loca_start_num: 87}","Legs, are, toast,, need, a, flat, 4.0, kilometers, route, from, golda, meir, boulevard, 87","O, O, O, O, O, O, B-route_length, I-route_length, O, O, B-start_location, I-start_location, I-start_location, B-loca_start_num"
plan me something from {start_location: rambam street} {loca_start_num: 75},"plan, me, something, from, rambam, street, 75","O, O, O, O, B-start_location, I-start_location, B-loca_start_num"
Create a running route from {start_location: my exact position} that is {route_length: 8.0 km}.,"Create, a, running, route, from, my, exact, position, that, is, 8.0, km, .","O, O, O, O, O, B-start_location, I-start_location, I-start_location, O, O, B-route_length, I-route_length, O"
{difficulty: somewhat tough} route from {start_location: revival street} {loca_start_num: 82},"somewhat, tough, route, from, revival, street, 82","B-difficulty, I-difficulty, O, O, B-start_location, I-start_location, B-loca_start_num"
"I'm looking for a {difficulty: not hard} run starting from {start_location: shlomo zalman shragai street} {loca_start_num: 70} to {end_location: ofek} {loca_end_num: 63}, covering {route_length: over 20 km}.","I'm, looking, for, a, not, hard, run, starting, from, shlomo, zalman, shragai, street, 70, to, ofek, 63, ,, covering, over, 20, km, .","O, O, O, O, B-difficulty, I-difficulty, O, O, O, B-start_location, I-start_location, I-start_location, I-start_location, B-loca_start_num, O, B-end_location, B-loca_end_num, O, O, B-route_length, I-route_length, I-route_length, O"
"At the office today, need a {route_length: 14.0 kilometers} lunch route from {start_location: chaim topol} {loca_start_num: 83}","At, the, office, today,, need, a, 14.0, kilometers, lunch, route, from, chaim, topol, 83","O, O, O, O, O, O, B-route_length, I-route_length, O, O, O, B-start_location, I-start_location, B-loca_start_num"
{difficulty: difficult but rewarding} path to {end_location: dvir street} {loca_end_num: 11},"difficult, but, rewarding, path, to, dvir, street, 11","B-difficulty, I-difficulty, I-difficulty, O, O, B-end_location, I-end_location, B-loca_end_num"
"I want to run {route_length: moderate distance} starting at {start_location: balfour street} {loca_start_num: 89} and ending at {end_location: king david} {loca_end_num: 36}, with {difficulty: difficult but rewarding} difficulty.","I, want, to, run, moderate, distance, starting, at, balfour, street, 89, and, ending, at, king, david, 36, ,, with, difficult, but, rewarding, difficulty.","O, O, O, O, B-route_length, I-route_length, O, O, B-start_location, I-start_location, B-loca_start_num, O, O, O, B-end_location, I-end_location, B-loca_end_num, O, O, B-difficulty, I-difficulty, I-difficulty, O"
"{start_location: red sea street} {loca_start_num: 44} to {end_location: hatechnology street} {loca_end_num: 32}, {difficulty: challenging} {route_length: 15.5 km}","red, sea, street, 44, to, hatechnology, street, 32, ,, challenging, 15.5, km","B-start_location, I-start_location, I-start_location, B-loca_start_num, O, B-end_location, I-end_location, B-loca_end_num, O, B-difficulty, B-route_length, I-route_length"
"first time runner here, any suggestions?","first, time, runner, here,, any, suggestions?","O, O, O, O, O, O"
{route_length: 8 kilometers} {difficulty: not hard} route from {start_location: mickey marcus} {loca_start_num: 80} to {end_location: hazayit street} {loca_end_num: 97},"8, kilometers, not, hard, route, from, mickey, marcus, 80, to, hazayit, street, 97","B-route_length, I-route_length, B-difficulty, I-difficulty, O, O, B-start_location, I-start_location, B-loca_start_num, O, B-end_location, I-end_location, B-loca_end_num"
"{start_location: jerusalem prize} {loca_start_num: 60} to {end_location: henrietta szold} {loca_end_num: 53}, want {difficulty: difficult but rewarding} run about {route_length: 5.0 kilometers}","jerusalem, prize, 60, to, henrietta, szold, 53, ,, want, difficult, but, rewarding, run, about, 5.0, kilometers","B-start_location, I-start_location, B-loca_start_num, O, B-end_location, I-end_location, B-loca_end_num, O, O, B-difficulty, I-difficulty, I-difficulty, O, O, B-route_length, I-route_length"
"Yo, need a {route_length: 950 meters} route near {start_location: kinneret street} {loca_start_num: 87}","Yo,, need, a, 950, meters, route, near, kinneret, street, 87","O, O, O, B-route_length, I-route_length, O, O, B-start_location, I-start_location, B-loca_start_num"
Make me a route from {start_location: nahalat binyamin} {loca_start_num: 38},"Make, me, a, route, from, nahalat, binyamin, 38","O, O, O, O, O, B-start_location, I-start_location, B-loca_start_num"
simple run {route_length: 11.0 kilometers},"simple, run, 11.0, kilometers","O, O, B-route_length, I-route_length"
My doctor recommended daily walks - could you suggest an easy route near the city center?,"My, doctor, recommended, daily, walks, -, could, you, suggest, an, easy, route, near, the, city, center?","O, O, O, O, O, O, O, O, O, O, O, O, O, O, O, O"
"Looking for a nice scenic route that goes from {start_location: habima} {loca_start_num: 78} to {end_location: tchernichovsky street} {loca_end_num: 22}, preferably {difficulty: not hard} since I'm just getting back into running","Looking, for, a, nice, scenic, route, that, goes, from, habima, 78, to, tchernichovsky, street, 22, ,, preferably, not, hard, since, I'm, just, getting, back, into, running","O, O, O, O, O, O, O, O, O, B-start_location, B-loca_start_num, O, B-end_location, I-end_location, B-loca_end_num, O, O, B-difficulty, I-difficulty, O, O, O, O, O, O, O"
can u plan me a quick 5k run?,"can, u, plan, me, a, quick, 5k, run?","O, O, O, O, O, O, O, O"
Gotta do {route_length: 13 kilometers} for marathon training from {start_location: strauss} {loca_start_num: 23},"Gotta, do, 13, kilometers, for, marathon, training, from, strauss, 23","O, O, B-route_length, I-route_length, O, O, O, O, B-start_location, B-loca_start_num"
Plan a route of {route_length: 19.0 km}.,"Plan, a, route, of, 19.0, km, .","O, O, O, O, B-route_length, I-route_length, O"
elderly person need {difficulty: hard} path {route_length: 4.5 km} start {start_location: kaplan street} {loca_start_num: 23} end {end_location: beit she'an} {loca_end_num: 21},"elderly, person, need, hard, path, 4.5, km, start, kaplan, street, 23, end, beit, she'an, 21","O, O, O, B-difficulty, O, B-route_length, I-route_length, O, B-start_location, I-start_location, B-loca_start_num, O, B-end_location, I-end_location, B-loca_end_num"
suggest route for beginner,"suggest, route, for, beginner","O, O, O, O"
Got any decent {route_length: 1 km} loops starting from {start_location: dov yudkovsky} {loca_start_num: 98}?,"Got, any, decent, 1, km, loops, starting, from, dov, yudkovsky, 98, ?","O, O, O, B-route_length, I-route_length, O, O, O, B-start_location, I-start_location, B-loca_start_num, O"
staying near {start_location: ussishkin street} need running route,"staying, near, ussishkin, street, need, running, route","O, O, B-start_location, I-start_location, O, O, O"
"Training for my first 5k, need a {route_length: 20 kilometers} route near {start_location: henrietta szold street} {loca_start_num: 54}","Training, for, my, first, 5k,, need, a, 20, kilometers, route, near, henrietta, szold, street, 54","O, O, O, O, O, O, O, B-route_length, I-route_length, O, O, B-start_location, I-start_location, I-start_location, B-loca_start_num"
Need a well-lit route around {route_length: 15 kilometers} near {start_location: ein gedi reserve} {loca_start_num: 43},"Need, a, well-lit, route, around, 15, kilometers, near, ein, gedi, reserve, 43","O, O, O, O, O, B-route_length, I-route_length, O, B-start_location, I-start_location, I-start_location, B-loca_start_num"
beginner runner need help with route,"beginner, runner, need, help, with, route","O, O, O, O, O, O"
"Perfect running weather, show me a {route_length: 3.5 km} route near {start_location: amos} {loca_start_num: 1}","Perfect, running, weather,, show, me, a, 3.5, km, route, near, amos, 1","O, O, O, O, O, O, B-route_length, I-route_length, O, O, B-start_location, B-loca_start_num"
Generate a running route to {end_location: narkis} {loca_end_num: 99} with a distance of {route_length: 12.5 km}.,"Generate, a, running, route, to, narkis, 99, with, a, distance, of, 12.5, km, .","O, O, O, O, O, B-end_location, B-loca_end_num, O, O, O, O, B-route_length, I-route_length, O"
tourist needs running recommendations,"tourist, needs, running, recommendations","O, O, O, O"
want {difficulty: challenging} track about {route_length: 11.5 km},"want, challenging, track, about, 11.5, km","O, B-difficulty, O, O, B-route_length, I-route_length"
{route_length: 650 meters} to {end_location: chava alberstein street} {loca_end_num: 50} please,"650, meters, to, chava, alberstein, street, 50, please","B-route_length, I-route_length, O, B-end_location, I-end_location, I-end_location, B-loca_end_num, O"
Plan a route of {route_length: 9.0 kilometers}.,"Plan, a, route, of, 9.0, kilometers, .","O, O, O, O, B-route_length, I-route_length, O"
Need a {route_length: 7.5 kilometers} route from {start_location: max nordau street} {loca_start_num: 71} to {end_location: keren hayesod} {loca_end_num: 80} that's {difficulty: moderate effort} level - training for a race next month,"Need, a, 7.5, kilometers, route, from, max, nordau, street, 71, to, keren, hayesod, 80, that's, moderate, effort, level, -, training, for, a, race, next, month","O, O, B-route_length, I-route_length, O, O, B-start_location, I-start_location, I-start_location, B-loca_start_num, O, B-end_location, I-end_location, B-loca_end_num, O, B-difficulty, I-difficulty, O, O, O, O, O, O, O, O"
tourist looking for running route,"tourist, looking, for, running, route","O, O, O, O, O"
where can i do short easy run?,"where, can, i, do, short, easy, run?","O, O, O, O, O, O, O"
"Ready to crush it, give me a {difficulty: easy} {route_length: 18.0 kilometers} starting at {start_location: innovation district} {loca_start_num: 40}","Ready, to, crush, it,, give, me, a, easy, 18.0, kilometers, starting, at, innovation, district, 40","O, O, O, O, O, O, O, B-difficulty, B-route_length, I-route_length, O, O, B-start_location, I-start_location, B-loca_start_num"
Hey there! I'm a business traveler staying at a hotel on {start_location: hakurkum} {loca_start_num: 63} and would love a {difficulty: somewhat tough} route to {end_location: shmuel hanagid} {loca_end_num: 77},"Hey, there!, I'm, a, business, traveler, staying, at, a, hotel, on, hakurkum, 63, and, would, love, a, somewhat, tough, route, to, shmuel, hanagid, 77","O, O, O, O, O, O, O, O, O, O, O, B-start_location, B-loca_start_num, O, O, O, O, B-difficulty, I-difficulty, O, O, B-end_location, I-end_location, B-loca_end_num"
Getting ready for a 5k need a route,"Getting, ready, for, a, 5k, need, a, route","O, O, O, O, O, O, O, O"
Map me a route from {start_location: tel hazor} {loca_start_num: 33},"Map, me, a, route, from, tel, hazor, 33","O, O, O, O, O, B-start_location, I-start_location, B-loca_start_num"
need {difficulty: medium} {route_length: 1.5 kilometers},"need, medium, 1.5, kilometers","O, B-difficulty, B-route_length, I-route_length"
"Coach says {route_length: 8 kilometers} {difficulty: very easy} run, got anything from {start_location: haim laskov} {loca_start_num: 5}?","Coach, says, 8, kilometers, very, easy, run,, got, anything, from, haim, laskov, 5, ?","O, O, B-route_length, I-route_length, B-difficulty, I-difficulty, O, O, O, O, B-start_location, I-start_location, B-loca_start_num, O"
Need a quick running route,"Need, a, quick, running, route","O, O, O, O, O"
what's a good running spot around here?,"what's, a, good, running, spot, around, here?","O, O, O, O, O, O, O"
"Running with newbies, need an easy {route_length: 14.5 km} loop from {start_location: tiberias} {loca_start_num: 39}","Running, with, newbies,, need, an, easy, 14.5, km, loop, from, tiberias, 39","O, O, O, O, O, O, B-route_length, I-route_length, O, O, B-start_location, B-loca_start_num"
{route_length: 10 km} path suggestion,"10, km, path, suggestion","B-route_length, I-route_length, O, O"
Doing {route_length: 9.0 kilometers} today starting at {start_location: uri avnery street} {loca_start_num: 18},"Doing, 9.0, kilometers, today, starting, at, uri, avnery, street, 18","O, B-route_length, I-route_length, O, O, O, B-start_location, I-start_location, I-start_location, B-loca_start_num"
Planning my weekend fitness routine and need a nice {route_length: 8.0 kilometers} path with some interesting city views,"Planning, my, weekend, fitness, routine, and, need, a, nice, 8.0, kilometers, path, with, some, interesting, city, views","O, O, O, O, O, O, O, O, O, B-route_length, I-route_length, O, O, O, O, O, O"
Suggest a {difficulty: very hard} run from {start_location: mount tabor} {loca_start_num: 1}.,"Suggest, a, very, hard, run, from, mount, tabor, 1, .","O, O, B-difficulty, I-difficulty, O, O, B-start_location, I-start_location, B-loca_start_num, O"
hi can u plan {difficulty: medium} run {route_length: 16.5 km} from {start_location: ein avdat} {loca_start_num: 8} to {end_location: ahad ha'am} {loca_end_num: 36},"hi, can, u, plan, medium, run, 16.5, km, from, ein, avdat, 8, to, ahad, ha'am, 36","O, O, O, O, B-difficulty, O, B-route_length, I-route_length, O, B-start_location, I-start_location, B-loca_start_num, O, B-end_location, I-end_location, B-loca_end_num"
{route_length: 7 km} track with good scenery,"7, km, track, with, good, scenery","B-route_length, I-route_length, O, O, O, O"
Easy recovery run from {start_location: international style street} {loca_start_num: 40},"Easy, recovery, run, from, international, style, street, 40","O, O, O, O, B-start_location, I-start_location, I-start_location, B-loca_start_num"
Just want somewhere new to run,"Just, want, somewhere, new, to, run","O, O, O, O, O, O"
from {start_location: my exact location} need {difficulty: very hard} path,"from, my, exact, location, need, very, hard, path","O, B-start_location, I-start_location, I-start_location, O, B-difficulty, I-difficulty, O"
"Running with my dog, need a {route_length: 7.0 kilometers} route near {start_location: keren hayesod} {loca_start_num: 12}","Running, with, my, dog,, need, a, 7.0, kilometers, route, near, keren, hayesod, 12","O, O, O, O, O, O, B-route_length, I-route_length, O, O, B-start_location, I-start_location, B-loca_start_num"
{route_length: 16.0 kilometers} {difficulty: moderate effort} path from {start_location: begin road} {loca_start_num: 83} to {end_location: moshe sneh} {loca_end_num: 79},"16.0, kilometers, moderate, effort, path, from, begin, road, 83, to, moshe, sneh, 79","B-route_length, I-route_length, B-difficulty, I-difficulty, O, O, B-start_location, I-start_location, B-loca_start_num, O, B-end_location, I-end_location, B-loca_end_num"
Show me some routes near {end_location: technion street} {loca_end_num: 16},"Show, me, some, routes, near, technion, street, 16","O, O, O, O, O, B-end_location, I-end_location, B-loca_end_num"
{start_location: hatikva market} to {end_location: negev street},"hatikva, market, to, negev, street","B-start_location, I-start_location, O, B-end_location, I-end_location"
I'm looking for a {difficulty: very hard} route from {start_location: kaplan} {loca_start_num: 41} to {end_location: usishkin} {loca_end_num: 97} with a distance of {route_length: 18.5 kilometers}.,"I'm, looking, for, a, very, hard, route, from, kaplan, 41, to, usishkin, 97, with, a, distance, of, 18.5, kilometers, .","O, O, O, O, B-difficulty, I-difficulty, O, O, B-start_location, B-loca_start_num, O, B-end_location, B-loca_end_num, O, O, O, O, B-route_length, I-route_length, O"
Never run here before need a route,"Never, run, here, before, need, a, route","O, O, O, O, O, O, O"
Building up to {route_length: 850 meters} from {start_location: sderot eshkol} {loca_start_num: 97},"Building, up, to, 850, meters, from, sderot, eshkol, 97","O, O, O, B-route_length, I-route_length, O, B-start_location, I-start_location, B-loca_start_num"
experienced runner looking for {difficulty: very easy} route about {route_length: half-marathon length},"experienced, runner, looking, for, very, easy, route, about, half-marathon, length","O, O, O, O, B-difficulty, I-difficulty, O, O, B-route_length, I-route_length"
Need a {difficulty: extreme difficulty} training route that's about {route_length: 8.5 km} starting from {start_location: moshe sharett} {loca_start_num: 92} and ending at {end_location: rachel imenu street} {loca_end_num: 55} - preparing for an upcoming marathon,"Need, a, extreme, difficulty, training, route, that's, about, 8.5, km, starting, from, moshe, sharett, 92, and, ending, at, rachel, imenu, street, 55, -, preparing, for, an, upcoming, marathon","O, O, B-difficulty, I-difficulty, O, O, O, O, B-route_length, I-route_length, O, O, B-start_location, I-start_location, B-loca_start_num, O, O, O, B-end_location, I-end_location, I-end_location, B-loca_end_num, O, O, O, O, O, O"
"{route_length: 20 kilometers} route from {start_location: ahad ha'am} {loca_start_num: 93} to {end_location: bet alpha street} {loca_end_num: 47}, not too hard","20, kilometers, route, from, ahad, ha'am, 93, to, bet, alpha, street, 47, ,, not, too, hard","B-route_length, I-route_length, O, O, B-start_location, I-start_location, B-loca_start_num, O, B-end_location, I-end_location, I-end_location, B-loca_end_num, O, O, O, O"
Looking to knock out a {difficulty: difficult but rewarding} {route_length: 10.5 km} run starting near {start_location: my whereabouts},"Looking, to, knock, out, a, difficult, but, rewarding, 10.5, km, run, starting, near, my, whereabouts","O, O, O, O, O, B-difficulty, I-difficulty, I-difficulty, B-route_length, I-route_length, O, O, O, B-start_location, I-start_location"
can u plan my morning jog?,"can, u, plan, my, morning, jog?","O, O, O, O, O, O"
"{start_location: shavit street} {loca_start_num: 70} to {end_location: lincoln street} {loca_end_num: 24}, {route_length: 10-15 km} {difficulty: moderate effort}","shavit, street, 70, to, lincoln, street, 24, ,, 10-15, km, moderate, effort","B-start_location, I-start_location, B-loca_start_num, O, B-end_location, I-end_location, B-loca_end_num, O, B-route_length, I-route_length, B-difficulty, I-difficulty"
Looking for a nice {difficulty: intense} path from {start_location: ichilov street} {loca_start_num: 19} that's good for elderly people,"Looking, for, a, nice, intense, path, from, ichilov, street, 19, that's, good, for, elderly, people","O, O, O, O, B-difficulty, O, O, B-start_location, I-start_location, B-loca_start_num, O, O, O, O, O"
i want to run {route_length: 950 meters} from {start_location: space center} to {end_location: shimshon},"i, want, to, run, 950, meters, from, space, center, to, shimshon","O, O, O, O, B-route_length, I-route_length, O, B-start_location, I-start_location, O, B-end_location"
Can you create a {difficulty: hard} route that begins at {start_location: hula valley street} {loca_start_num: 91} and finishes at {end_location: oasis} {loca_end_num: 45} with a distance of {route_length: 19.0 km}?,"Can, you, create, a, hard, route, that, begins, at, hula, valley, street, 91, and, finishes, at, oasis, 45, with, a, distance, of, 19.0, km, ?","O, O, O, O, B-difficulty, O, O, O, O, B-start_location, I-start_location, I-start_location, B-loca_start_num, O, O, O, B-end_location, B-loca_end_num, O, O, O, O, B-route_length, I-route_length, O"
{difficulty: very hard} run ending at {end_location: jerusalem prize street},"very, hard, run, ending, at, jerusalem, prize, street","B-difficulty, I-difficulty, O, O, O, B-end_location, I-end_location, I-end_location"
Please suggest a route from {start_location: bauhaus} {loca_start_num: 41} to {end_location: golda meir boulevard} {loca_end_num: 89}.,"Please, suggest, a, route, from, bauhaus, 41, to, golda, meir, boulevard, 89, .","O, O, O, O, O, B-start_location, B-loca_start_num, O, B-end_location, I-end_location, I-end_location, B-loca_end_num, O"
Show me the best {route_length: 5 kilometers} route near {start_location: amos street} {loca_start_num: 51},"Show, me, the, best, 5, kilometers, route, near, amos, street, 51","O, O, O, O, B-route_length, I-route_length, O, O, B-start_location, I-start_location, B-loca_start_num"
"{start_location: ted arison street} {loca_start_num: 78} to {end_location: keren hayesod street} {loca_end_num: 23}, {route_length: 8.0 km} {difficulty: moderate effort}","ted, arison, street, 78, to, keren, hayesod, street, 23, ,, 8.0, km, moderate, effort","B-start_location, I-start_location, I-start_location, B-loca_start_num, O, B-end_location, I-end_location, I-end_location, B-loca_end_num, O, B-route_length, I-route_length, B-difficulty, I-difficulty"
Looking for a nice running route that's good for beginners,"Looking, for, a, nice, running, route, that's, good, for, beginners","O, O, O, O, O, O, O, O, O, O"
help plan my morning exercise,"help, plan, my, morning, exercise","O, O, O, O, O"
where do people usually run in morning?,"where, do, people, usually, run, in, morning?","O, O, O, O, O, O, O"
"Coffee shop at the end please, {route_length: 900 meters} route from {start_location: port} {loca_start_num: 94}","Coffee, shop, at, the, end, please,, 900, meters, route, from, port, 94","O, O, O, O, O, O, B-route_length, I-route_length, O, O, B-start_location, B-loca_start_num"
Looking for a {route_length: 6 km} route with {difficulty: hard} intensity that shows off the best parts of Tel Aviv,"Looking, for, a, 6, km, route, with, hard, intensity, that, shows, off, the, best, parts, of, Tel, Aviv","O, O, O, B-route_length, I-route_length, O, O, B-difficulty, O, O, O, O, O, O, O, O, O, O"
want {difficulty: medium} path please,"want, medium, path, please","O, B-difficulty, O, O"
Make me a route from {start_location: gal fridman} {loca_start_num: 98},"Make, me, a, route, from, gal, fridman, 98","O, O, O, O, O, B-start_location, I-start_location, B-loca_start_num"
Looking to crush a {difficulty: easy} {route_length: 17 km} from {start_location: hatamar} {loca_start_num: 53} to {end_location: malkhei yisrael} {loca_end_num: 26},"Looking, to, crush, a, easy, 17, km, from, hatamar, 53, to, malkhei, yisrael, 26","O, O, O, O, B-difficulty, B-route_length, I-route_length, O, B-start_location, B-loca_start_num, O, B-end_location, I-end_location, B-loca_end_num"
Never run here before need a route,"Never, run, here, before, need, a, route","O, O, O, O, O, O, O"
need {difficulty: moderate effort} route about {route_length: 15.5 kilometers},"need, moderate, effort, route, about, 15.5, kilometers","O, B-difficulty, I-difficulty, O, O, B-route_length, I-route_length"
Doing a quick lunch run from {start_location: bar ilan} {loca_start_num: 67},"Doing, a, quick, lunch, run, from, bar, ilan, 67","O, O, O, O, O, O, B-start_location, I-start_location, B-loca_start_num"
{route_length: 2.0 km} easy path please,"2.0, km, easy, path, please","B-route_length, I-route_length, O, O, O"
"Hi! I've been running for years and need a {difficulty: moderate effort} training route that's about {route_length: 3-5 km}, starting from my apartment on {start_location: hanegev}","Hi!, I've, been, running, for, years, and, need, a, moderate, effort, training, route, that's, about, 3-5, km, ,, starting, from, my, apartment, on, hanegev","O, O, O, O, O, O, O, O, O, B-difficulty, I-difficulty, O, O, O, O, B-route_length, I-route_length, O, O, O, O, O, O, B-start_location"
"Sick of my usual path, show me a {route_length: 1.5 km} route from {start_location: yitzhak kariv street} {loca_start_num: 83}","Sick, of, my, usual, path,, show, me, a, 1.5, km, route, from, yitzhak, kariv, street, 83","O, O, O, O, O, O, O, O, B-route_length, I-route_length, O, O, B-start_location, I-start_location, I-start_location, B-loca_start_num"
i wanna run from my house on {start_location: enzo sereni street} to the beach,"i, wanna, run, from, my, house, on, enzo, sereni, street, to, the, beach","O, O, O, O, O, O, O, B-start_location, I-start_location, I-start_location, O, O, O"
"{start_location: tel aviv street} {loca_start_num: 38} to beach, something easy please","tel, aviv, street, 38, to, beach,, something, easy, please","B-start_location, I-start_location, I-start_location, B-loca_start_num, O, O, O, O, O"
need {difficulty: not hard} morning run,"need, not, hard, morning, run","O, B-difficulty, I-difficulty, O, O"
Can you plan a {difficulty: challenging} route that begins at {start_location: miriam haneviah street} {loca_start_num: 10}?,"Can, you, plan, a, challenging, route, that, begins, at, miriam, haneviah, street, 10, ?","O, O, O, O, B-difficulty, O, O, O, O, B-start_location, I-start_location, I-start_location, B-loca_start_num, O"
"Leading a group run, show me a {route_length: 12 km} route from {start_location: bialik street} {loca_start_num: 94}","Leading, a, group, run,, show, me, a, 12, km, route, from, bialik, street, 94","O, O, O, O, O, O, O, B-route_length, I-route_length, O, O, B-start_location, I-start_location, B-loca_start_num"
make me {difficulty: not hard} path,"make, me, not, hard, path","O, O, B-difficulty, I-difficulty, O"
Can anyone recommend a good {difficulty: difficult but rewarding} running route that shows off the city's architecture? Staying near {start_location: avraham stern street} {loca_start_num: 69},"Can, anyone, recommend, a, good, difficult, but, rewarding, running, route, that, shows, off, the, city's, architecture?, Staying, near, avraham, stern, street, 69","O, O, O, O, O, B-difficulty, I-difficulty, I-difficulty, O, O, O, O, O, O, O, O, O, O, B-start_location, I-start_location, I-start_location, B-loca_start_num"
Building up to {route_length: 11.5 kilometers} from {start_location: yitzhak kariv} {loca_start_num: 75},"Building, up, to, 11.5, kilometers, from, yitzhak, kariv, 75","O, O, O, B-route_length, I-route_length, O, B-start_location, I-start_location, B-loca_start_num"
"First time runner here, would appreciate a beginner-friendly route somewhere scenic in the city","First, time, runner, here,, would, appreciate, a, beginner-friendly, route, somewhere, scenic, in, the, city","O, O, O, O, O, O, O, O, O, O, O, O, O, O"
can u make {difficulty: very easy} route from {start_location: chana senesh},"can, u, make, very, easy, route, from, chana, senesh","O, O, O, B-difficulty, I-difficulty, O, O, B-start_location, I-start_location"
suggest good spots for morning exercise,"suggest, good, spots, for, morning, exercise","O, O, O, O, O, O"
Generate a {difficulty: hard} run that is {route_length: 1-3 km}.,"Generate, a, hard, run, that, is, 1-3, km, .","O, O, B-difficulty, O, O, O, B-route_length, I-route_length, O"
"I'm looking for a {difficulty: very easy} run starting from {start_location: stef wertheimer} {loca_start_num: 84} to {end_location: hadassah} {loca_end_num: 8}, covering {route_length: 14.0 kilometers}.","I'm, looking, for, a, very, easy, run, starting, from, stef, wertheimer, 84, to, hadassah, 8, ,, covering, 14.0, kilometers, .","O, O, O, O, B-difficulty, I-difficulty, O, O, O, B-start_location, I-start_location, B-loca_start_num, O, B-end_location, B-loca_end_num, O, O, B-route_length, I-route_length, O"
"Running with newbies, need an easy {route_length: 6.0 km} loop from {start_location: ashdod} {loca_start_num: 22}","Running, with, newbies,, need, an, easy, 6.0, km, loop, from, ashdod, 22","O, O, O, O, O, O, B-route_length, I-route_length, O, O, B-start_location, B-loca_start_num"
{start_location: marcel janco} {loca_start_num: 55} run,"marcel, janco, 55, run","B-start_location, I-start_location, B-loca_start_num, O"
{route_length: 14 km} easy run plz,"14, km, easy, run, plz","B-route_length, I-route_length, O, O, O"
Gotta get my miles in - show me a {route_length: long} loop from {start_location: yemin moshe street} {loca_start_num: 15},"Gotta, get, my, miles, in, -, show, me, a, long, loop, from, yemin, moshe, street, 15","O, O, O, O, O, O, O, O, O, B-route_length, O, O, B-start_location, I-start_location, I-start_location, B-loca_start_num"
"Yo, need a {route_length: 13.5 km} route near {start_location: allenby street} {loca_start_num: 57}","Yo,, need, a, 13.5, km, route, near, allenby, street, 57","O, O, O, B-route_length, I-route_length, O, O, B-start_location, I-start_location, B-loca_start_num"
i want to run {route_length: 650 meters} from {start_location: space center street} to {end_location: golda meir boulevard},"i, want, to, run, 650, meters, from, space, center, street, to, golda, meir, boulevard","O, O, O, O, B-route_length, I-route_length, O, B-start_location, I-start_location, I-start_location, O, B-end_location, I-end_location, I-end_location"
quick running path suggestion please,"quick, running, path, suggestion, please","O, O, O, O, O"
"I need a {difficulty: moderate effort} run starting at {start_location: david street} {loca_start_num: 18}, heading to {end_location: harav kook street} {loca_end_num: 88}, and covering {route_length: 11.0 km}.","I, need, a, moderate, effort, run, starting, at, david, street, 18, ,, heading, to, harav, kook, street, 88, ,, and, covering, 11.0, km, .","O, O, O, B-difficulty, I-difficulty, O, O, O, B-start_location, I-start_location, B-loca_start_num, O, O, O, B-end_location, I-end_location, I-end_location, B-loca_end_num, O, O, O, B-route_length, I-route_length, O"
"Looking for a nice scenic route that goes from {start_location: shlomo zalman shragai} {loca_start_num: 62} to {end_location: desert spring} {loca_end_num: 70}, preferably {difficulty: easy} since I'm just getting back into running","Looking, for, a, nice, scenic, route, that, goes, from, shlomo, zalman, shragai, 62, to, desert, spring, 70, ,, preferably, easy, since, I'm, just, getting, back, into, running","O, O, O, O, O, O, O, O, O, B-start_location, I-start_location, I-start_location, B-loca_start_num, O, B-end_location, I-end_location, B-loca_end_num, O, O, B-difficulty, O, O, O, O, O, O, O"
{route_length: 20.0 km} easy path please,"20.0, km, easy, path, please","B-route_length, I-route_length, O, O, O"
need {route_length: 15-20 km} track,"need, 15-20, km, track","O, B-route_length, I-route_length, O"
plan me something {difficulty: very hard} around {route_length: short},"plan, me, something, very, hard, around, short","O, O, O, B-difficulty, I-difficulty, O, B-route_length"
help plan my first 5k route,"help, plan, my, first, 5k, route","O, O, O, O, O, O"
Plan a running route for me.,"Plan, a, running, route, for, me.","O, O, O, O, O, O"
Looking for a nice morning running path that starts from my apartment on {start_location: hayael street} {loca_start_num: 76} and heads towards the sea - something around {route_length: 19.5 kilometers} would be perfect,"Looking, for, a, nice, morning, running, path, that, starts, from, my, apartment, on, hayael, street, 76, and, heads, towards, the, sea, -, something, around, 19.5, kilometers, would, be, perfect","O, O, O, O, O, O, O, O, O, O, O, O, O, B-start_location, I-start_location, B-loca_start_num, O, O, O, O, O, O, O, O, B-route_length, I-route_length, O, O, O"
need route for tomorrow morning,"need, route, for, tomorrow, morning","O, O, O, O, O"
good running route for tourists?,"good, running, route, for, tourists?","O, O, O, O, O"
Bout to head out from {start_location: herzl street} {loca_start_num: 83},"Bout, to, head, out, from, herzl, street, 83","O, O, O, O, O, B-start_location, I-start_location, B-loca_start_num"
want {difficulty: flat and easy} run {route_length: 15.0 kilometers} starting point {start_location: rashi} {loca_start_num: 92} endpoint {end_location: amos schocken street} {loca_end_num: 61},"want, flat, and, easy, run, 15.0, kilometers, starting, point, rashi, 92, endpoint, amos, schocken, street, 61","O, B-difficulty, I-difficulty, I-difficulty, O, B-route_length, I-route_length, O, O, B-start_location, B-loca_start_num, O, B-end_location, I-end_location, I-end_location, B-loca_end_num"
need route for tomorrow's training,"need, route, for, tomorrow's, training","O, O, O, O, O"
{route_length: 15 km} to {end_location: tzipori street},"15, km, to, tzipori, street","B-route_length, I-route_length, O, B-end_location, I-end_location"
beginner runner need help with route,"beginner, runner, need, help, with, route","O, O, O, O, O, O"
wheres good for evening jog?,"wheres, good, for, evening, jog?","O, O, O, O, O"
"Midnight runner here, safe {route_length: 11.0 kilometers} route from {start_location: shazar street} {loca_start_num: 45}?","Midnight, runner, here,, safe, 11.0, kilometers, route, from, shazar, street, 45, ?","O, O, O, O, B-route_length, I-route_length, O, O, B-start_location, I-start_location, B-loca_start_num, O"
where do people usually run in morning?,"where, do, people, usually, run, in, morning?","O, O, O, O, O, O, O"
to {end_location: pesach street} {loca_end_num: 81} please,"to, pesach, street, 81, please","O, B-end_location, I-end_location, B-loca_end_num, O"
I want a {difficulty: extreme difficulty} route that goes from {start_location: yitzhak kariv} {loca_start_num: 24} to {end_location: my current coordinates} and spans {route_length: long distance}.,"I, want, a, extreme, difficulty, route, that, goes, from, yitzhak, kariv, 24, to, my, current, coordinates, and, spans, long, distance, .","O, O, O, B-difficulty, I-difficulty, O, O, O, O, B-start_location, I-start_location, B-loca_start_num, O, B-end_location, I-end_location, I-end_location, O, O, B-route_length, I-route_length, O"
Looking for a running route that passes by some good breakfast spots - starting from {start_location: yirmiyahu} {loca_start_num: 20} and heading towards {end_location: friendship street} {loca_end_num: 13},"Looking, for, a, running, route, that, passes, by, some, good, breakfast, spots, -, starting, from, yirmiyahu, 20, and, heading, towards, friendship, street, 13","O, O, O, O, O, O, O, O, O, O, O, O, O, O, O, B-start_location, B-loca_start_num, O, O, O, B-end_location, I-end_location, B-loca_end_num"
Can you create a {difficulty: extreme difficulty} run to {end_location: hora} {loca_end_num: 53}?,"Can, you, create, a, extreme, difficulty, run, to, hora, 53, ?","O, O, O, O, B-difficulty, I-difficulty, O, O, B-end_location, B-loca_end_num, O"
im training for marathon need hard route,"im, training, for, marathon, need, hard, route","O, O, O, O, O, O, O"
run starting {start_location: ibn gabirol street} {loca_start_num: 17},"run, starting, ibn, gabirol, street, 17","O, O, B-start_location, I-start_location, I-start_location, B-loca_start_num"
Got any good routes nearby?,"Got, any, good, routes, nearby?","O, O, O, O, O"
Prepping for race day from {start_location: habrosh} {loca_start_num: 34},"Prepping, for, race, day, from, habrosh, 34","O, O, O, O, O, B-start_location, B-loca_start_num"
Trying to find a good {route_length: 4.0 kilometers} run near {start_location: balfour street} {loca_start_num: 17},"Trying, to, find, a, good, 4.0, kilometers, run, near, balfour, street, 17","O, O, O, O, O, B-route_length, I-route_length, O, O, B-start_location, I-start_location, B-loca_start_num"
"First time running in this area, need a {route_length: medium-length} route near {start_location: marcus reiner} {loca_start_num: 31}","First, time, running, in, this, area,, need, a, medium-length, route, near, marcus, reiner, 31","O, O, O, O, O, O, O, O, B-route_length, O, O, B-start_location, I-start_location, B-loca_start_num"
Can you suggest a route from {start_location: ruth} {loca_start_num: 50} with a distance of {route_length: 6 km}?,"Can, you, suggest, a, route, from, ruth, 50, with, a, distance, of, 6, km, ?","O, O, O, O, O, O, B-start_location, B-loca_start_num, O, O, O, O, B-route_length, I-route_length, O"
"{start_location: sharon street} {loca_start_num: 33} to {end_location: derech aza} {loca_end_num: 26}, make it {difficulty: easy}","sharon, street, 33, to, derech, aza, 26, ,, make, it, easy","B-start_location, I-start_location, B-loca_start_num, O, B-end_location, I-end_location, B-loca_end_num, O, O, O, B-difficulty"
Show me the best {route_length: quick run} route near {start_location: moshe dayan} {loca_start_num: 99},"Show, me, the, best, quick, run, route, near, moshe, dayan, 99","O, O, O, O, B-route_length, I-route_length, O, O, B-start_location, I-start_location, B-loca_start_num"
Want to avoid muddy trails from {start_location: david street} {loca_start_num: 6},"Want, to, avoid, muddy, trails, from, david, street, 6","O, O, O, O, O, O, B-start_location, I-start_location, B-loca_start_num"
"Provide a {difficulty: hard} running route that starts at {start_location: habima} {loca_start_num: 7} and ends at {end_location: dan} {loca_end_num: 11}, covering {route_length: 9.5 km}.","Provide, a, hard, running, route, that, starts, at, habima, 7, and, ends, at, dan, 11, ,, covering, 9.5, km, .","O, O, B-difficulty, O, O, O, O, O, B-start_location, B-loca_start_num, O, O, O, B-end_location, B-loca_end_num, O, O, B-route_length, I-route_length, O"
need {difficulty: moderate effort} route about {route_length: 900 meters},"need, moderate, effort, route, about, 900, meters","O, B-difficulty, I-difficulty, O, O, B-route_length, I-route_length"
What's the best way to do {route_length: 16.5 kilometers} starting from {start_location: hazaatar} {loca_start_num: 44}?,"What's, the, best, way, to, do, 16.5, kilometers, starting, from, hazaatar, 44, ?","O, O, O, O, O, O, B-route_length, I-route_length, O, O, B-start_location, B-loca_start_num, O"
want {difficulty: not hard} track about {route_length: 3.0 km},"want, not, hard, track, about, 3.0, km","O, B-difficulty, I-difficulty, O, O, B-route_length, I-route_length"
"Crew run day, need a {route_length: 5.0 kilometers} route with photo ops near {start_location: harimon} {loca_start_num: 37}","Crew, run, day,, need, a, 5.0, kilometers, route, with, photo, ops, near, harimon, 37","O, O, O, O, O, B-route_length, I-route_length, O, O, O, O, O, B-start_location, B-loca_start_num"
want route from {start_location: shenkar street} that's not too hard,"want, route, from, shenkar, street, that's, not, too, hard","O, O, O, B-start_location, I-start_location, O, O, O, O"
"Midnight runner here, safe {route_length: 13.0 km} route from {start_location: bograshov} {loca_start_num: 4}?","Midnight, runner, here,, safe, 13.0, km, route, from, bograshov, 4, ?","O, O, O, O, B-route_length, I-route_length, O, O, B-start_location, B-loca_start_num, O"
Ready to run from {start_location: schocken street} {loca_start_num: 45},"Ready, to, run, from, schocken, street, 45","O, O, O, O, B-start_location, I-start_location, B-loca_start_num"
Looking to knock out a {difficulty: very hard} {route_length: 16.5 kilometers} run starting near {start_location: geula street} {loca_start_num: 44},"Looking, to, knock, out, a, very, hard, 16.5, kilometers, run, starting, near, geula, street, 44","O, O, O, O, O, B-difficulty, I-difficulty, B-route_length, I-route_length, O, O, O, B-start_location, I-start_location, B-loca_start_num"
"{start_location: maariv street} {loca_start_num: 71} to {end_location: ari folman} {loca_end_num: 58}, {difficulty: somewhat tough}","maariv, street, 71, to, ari, folman, 58, ,, somewhat, tough","B-start_location, I-start_location, B-loca_start_num, O, B-end_location, I-end_location, B-loca_end_num, O, B-difficulty, I-difficulty"
{start_location: yigal alon} {loca_start_num: 26} run,"yigal, alon, 26, run","B-start_location, I-start_location, B-loca_start_num, O"
On vacation but need to run {route_length: 12.5 km} near {start_location: yirmiyahu} {loca_start_num: 94},"On, vacation, but, need, to, run, 12.5, km, near, yirmiyahu, 94","O, O, O, O, O, O, B-route_length, I-route_length, O, B-start_location, B-loca_start_num"
{route_length: 15.5 km} {difficulty: easy} track starting {start_location: unity} {loca_start_num: 24},"15.5, km, easy, track, starting, unity, 24","B-route_length, I-route_length, B-difficulty, O, O, B-start_location, B-loca_start_num"
Show me where to run,"Show, me, where, to, run","O, O, O, O, O"
Need inspo for my {route_length: 3 kilometers} run starting at {start_location: weizmann} {loca_start_num: 76},"Need, inspo, for, my, 3, kilometers, run, starting, at, weizmann, 76","O, O, O, O, B-route_length, I-route_length, O, O, O, B-start_location, B-loca_start_num"
from {start_location: jaffa gate street} {loca_start_num: 71} need {difficulty: very hard} path,"from, jaffa, gate, street, 71, need, very, hard, path","O, B-start_location, I-start_location, I-start_location, B-loca_start_num, O, B-difficulty, I-difficulty, O"
want {difficulty: slightly challenging} path please,"want, slightly, challenging, path, please","O, B-difficulty, I-difficulty, O, O"
first time runner here need help,"first, time, runner, here, need, help","O, O, O, O, O, O"
competitive runner need {difficulty: medium} track {route_length: 2 kilometers} from {start_location: my current location} to {end_location: hadekel} {loca_end_num: 45},"competitive, runner, need, medium, track, 2, kilometers, from, my, current, location, to, hadekel, 45","O, O, O, B-difficulty, O, B-route_length, I-route_length, O, B-start_location, I-start_location, I-start_location, O, B-end_location, B-loca_end_num"
first time runner here need {difficulty: very hard} track {route_length: 20 km} from {start_location: abba eban} {loca_start_num: 79} 2 {end_location: al-wad street} {loca_end_num: 13},"first, time, runner, here, need, very, hard, track, 20, km, from, abba, eban, 79, 2, al-wad, street, 13","O, O, O, O, O, B-difficulty, I-difficulty, O, B-route_length, I-route_length, O, B-start_location, I-start_location, B-loca_start_num, O, B-end_location, I-end_location, B-loca_end_num"
Create a {difficulty: difficult but rewarding} route that covers {route_length: 8 km}.,"Create, a, difficult, but, rewarding, route, that, covers, 8, km, .","O, O, B-difficulty, I-difficulty, I-difficulty, O, O, O, B-route_length, I-route_length, O"
{start_location: masada street} {loca_start_num: 74} to {end_location: ibn ezra street} {loca_end_num: 11},"masada, street, 74, to, ibn, ezra, street, 11","B-start_location, I-start_location, B-loca_start_num, O, B-end_location, I-end_location, I-end_location, B-loca_end_num"
Give me a {route_length: 17 kilometers} route,"Give, me, a, 17, kilometers, route","O, O, O, B-route_length, I-route_length, O"
{difficulty: somewhat tough} from {start_location: hashaked},"somewhat, tough, from, hashaked","B-difficulty, I-difficulty, O, B-start_location"
{route_length: 7.5 kilometers} easy path please,"7.5, kilometers, easy, path, please","B-route_length, I-route_length, O, O, O"
I need a {difficulty: somewhat tough} route of {route_length: 13 kilometers}.,"I, need, a, somewhat, tough, route, of, 13, kilometers, .","O, O, O, B-difficulty, I-difficulty, O, O, B-route_length, I-route_length, O"
Prepping for race day from {start_location: yemen} {loca_start_num: 85},"Prepping, for, race, day, from, yemen, 85","O, O, O, O, O, B-start_location, B-loca_start_num"
"{start_location: alice miller} {loca_start_num: 41} to {end_location: khan theater} {loca_end_num: 3}, make it {difficulty: challenging}","alice, miller, 41, to, khan, theater, 3, ,, make, it, challenging","B-start_location, I-start_location, B-loca_start_num, O, B-end_location, I-end_location, B-loca_end_num, O, O, O, B-difficulty"
{start_location: yehuda halevi} {loca_start_num: 91} to {end_location: abba eban} {loca_end_num: 82},"yehuda, halevi, 91, to, abba, eban, 82","B-start_location, I-start_location, B-loca_start_num, O, B-end_location, I-end_location, B-loca_end_num"
Taking a different route today from {start_location: tel aviv} {loca_start_num: 97},"Taking, a, different, route, today, from, tel, aviv, 97","O, O, O, O, O, O, B-start_location, I-start_location, B-loca_start_num"
"Could you suggest a {difficulty: slightly challenging} running route between {start_location: aaron aaronsohn} {loca_start_num: 62} and {end_location: my location}, covering {route_length: 14.0 kilometers}?","Could, you, suggest, a, slightly, challenging, running, route, between, aaron, aaronsohn, 62, and, my, location, ,, covering, 14.0, kilometers, ?","O, O, O, O, B-difficulty, I-difficulty, O, O, O, B-start_location, I-start_location, B-loca_start_num, O, B-end_location, I-end_location, O, O, B-route_length, I-route_length, O"
Create a {difficulty: difficult but rewarding} running route from {start_location: ibn gabirol} {loca_start_num: 100} to {end_location: weizmann street} {loca_end_num: 91} that is {route_length: 6 kilometers}.,"Create, a, difficult, but, rewarding, running, route, from, ibn, gabirol, 100, to, weizmann, street, 91, that, is, 6, kilometers, .","O, O, B-difficulty, I-difficulty, I-difficulty, O, O, O, B-start_location, I-start_location, B-loca_start_num, O, B-end_location, I-end_location, B-loca_end_num, O, O, B-route_length, I-route_length, O"
{difficulty: intense} route {route_length: 6.5 kilometers} starting {start_location: hadekel} {loca_start_num: 53},"intense, route, 6.5, kilometers, starting, hadekel, 53","B-difficulty, O, B-route_length, I-route_length, O, B-start_location, B-loca_start_num"
{difficulty: intense} route {route_length: 16 kilometers} starting {start_location: hasumsum} {loca_start_num: 53},"intense, route, 16, kilometers, starting, hasumsum, 53","B-difficulty, O, B-route_length, I-route_length, O, B-start_location, B-loca_start_num"
looking for {difficulty: somewhat tough} route {route_length: 600 meters},"looking, for, somewhat, tough, route, 600, meters","O, O, B-difficulty, I-difficulty, O, B-route_length, I-route_length"
make me {difficulty: somewhat tough} path,"make, me, somewhat, tough, path","O, O, B-difficulty, I-difficulty, O"
Need a {route_length: 8.5 kilometers} route from {start_location: arava street} {loca_start_num: 57} to {end_location: textile street} {loca_end_num: 49} that's {difficulty: hard} level - training for a race next month,"Need, a, 8.5, kilometers, route, from, arava, street, 57, to, textile, street, 49, that's, hard, level, -, training, for, a, race, next, month","O, O, B-route_length, I-route_length, O, O, B-start_location, I-start_location, B-loca_start_num, O, B-end_location, I-end_location, B-loca_end_num, O, B-difficulty, O, O, O, O, O, O, O, O"
Hello! My elderly parents are visiting next week and I'd love to find a {difficulty: medium} walking route around the historic areas of the city,"Hello!, My, elderly, parents, are, visiting, next, week, and, I'd, love, to, find, a, medium, walking, route, around, the, historic, areas, of, the, city","O, O, O, O, O, O, O, O, O, O, O, O, O, O, B-difficulty, O, O, O, O, O, O, O, O, O"
"Provide a {difficulty: very easy} running route that starts at {start_location: kaplan} {loca_start_num: 3} and ends at {end_location: hamada} {loca_end_num: 76}, covering {route_length: 1 km}.","Provide, a, very, easy, running, route, that, starts, at, kaplan, 3, and, ends, at, hamada, 76, ,, covering, 1, km, .","O, O, B-difficulty, I-difficulty, O, O, O, O, O, B-start_location, B-loca_start_num, O, O, O, B-end_location, B-loca_end_num, O, O, B-route_length, I-route_length, O"
Yo need a route from {start_location: sand dune} {loca_start_num: 94},"Yo, need, a, route, from, sand, dune, 94","O, O, O, O, O, B-start_location, I-start_location, B-loca_start_num"
Can anyone recommend a good {difficulty: not hard} running route that shows off the city's architecture? Staying near {start_location: nearby},"Can, anyone, recommend, a, good, not, hard, running, route, that, shows, off, the, city's, architecture?, Staying, near, nearby","O, O, O, O, O, B-difficulty, I-difficulty, O, O, O, O, O, O, O, O, O, O, B-start_location"
where should i run today?,"where, should, i, run, today?","O, O, O, O, O"
can u plan me a quick 5k run?,"can, u, plan, me, a, quick, 5k, run?","O, O, O, O, O, O, O, O"
advanced runner want {difficulty: very hard} course {route_length: 2 kilometers} beginning {start_location: ashdod street} {loca_start_num: 32} end at {end_location: bethlehem road} {loca_end_num: 47},"advanced, runner, want, very, hard, course, 2, kilometers, beginning, ashdod, street, 32, end, at, bethlehem, road, 47","O, O, O, B-difficulty, I-difficulty, O, B-route_length, I-route_length, O, B-start_location, I-start_location, B-loca_start_num, O, O, B-end_location, I-end_location, B-loca_end_num"
make me route plz {difficulty: moderate effort} like {route_length: 9.0 kilometers} from {start_location: ichilov street} {loca_start_num: 2} until {end_location: rehavia} {loca_end_num: 41},"make, me, route, plz, moderate, effort, like, 9.0, kilometers, from, ichilov, street, 2, until, rehavia, 41","O, O, O, O, B-difficulty, I-difficulty, O, B-route_length, I-route_length, O, B-start_location, I-start_location, B-loca_start_num, O, B-end_location, B-loca_end_num"
Need a well-lit route around {route_length: 500 meters} near {start_location: textile street} {loca_start_num: 9},"Need, a, well-lit, route, around, 500, meters, near, textile, street, 9","O, O, O, O, O, B-route_length, I-route_length, O, B-start_location, I-start_location, B-loca_start_num"
want {route_length: 13.5 km} track please,"want, 13.5, km, track, please","O, B-route_length, I-route_length, O, O"
Can you suggest a {difficulty: very hard} run that spans {route_length: long distance}?,"Can, you, suggest, a, very, hard, run, that, spans, long, distance, ?","O, O, O, O, B-difficulty, I-difficulty, O, O, O, B-route_length, I-route_length, O"
first time in israel need {difficulty: flat and easy} path {route_length: half-marathon length} from {start_location: yitzhak kariv} {loca_start_num: 95} 2 {end_location: ussishkin} {loca_end_num: 58},"first, time, in, israel, need, flat, and, easy, path, half-marathon, length, from, yitzhak, kariv, 95, 2, ussishkin, 58","O, O, O, O, O, B-difficulty, I-difficulty, I-difficulty, O, B-route_length, I-route_length, O, B-start_location, I-start_location, B-loca_start_num, O, B-end_location, B-loca_end_num"
to {end_location: mickey marcus} {loca_end_num: 1} please,"to, mickey, marcus, 1, please","O, B-end_location, I-end_location, B-loca_end_num, O"
Create a {difficulty: not hard} route that covers {route_length: 2.5 km}.,"Create, a, not, hard, route, that, covers, 2.5, km, .","O, O, B-difficulty, I-difficulty, O, O, O, B-route_length, I-route_length, O"
"Coach says {route_length: 12.0 km} {difficulty: not hard} run, got anything from {start_location: shavit street} {loca_start_num: 72}?","Coach, says, 12.0, km, not, hard, run,, got, anything, from, shavit, street, 72, ?","O, O, B-route_length, I-route_length, B-difficulty, I-difficulty, O, O, O, O, B-start_location, I-start_location, B-loca_start_num, O"
"I need a {difficulty: extreme difficulty} run starting at {start_location: my current coordinates}, heading to {end_location: haim bar lev road} {loca_end_num: 98}, and covering {route_length: 600 meters}.","I, need, a, extreme, difficulty, run, starting, at, my, current, coordinates, ,, heading, to, haim, bar, lev, road, 98, ,, and, covering, 600, meters, .","O, O, O, B-difficulty, I-difficulty, O, O, O, B-start_location, I-start_location, I-start_location, O, O, O, B-end_location, I-end_location, I-end_location, I-end_location, B-loca_end_num, O, O, O, B-route_length, I-route_length, O"
Generate a route with a distance of {route_length: 15-20 km}.,"Generate, a, route, with, a, distance, of, 15-20, km, .","O, O, O, O, O, O, O, B-route_length, I-route_length, O"
run from {start_location: tzfania street} to {end_location: friendship street} {loca_end_num: 42},"run, from, tzfania, street, to, friendship, street, 42","O, O, B-start_location, I-start_location, O, B-end_location, I-end_location, B-loca_end_num"
can u plan me a quick 5k run?,"can, u, plan, me, a, quick, 5k, run?","O, O, O, O, O, O, O, O"
Could you help me plan a {difficulty: somewhat tough} route for my training? I live near {start_location: my whereabouts} and want to run about {route_length: 15.0 km},"Could, you, help, me, plan, a, somewhat, tough, route, for, my, training?, I, live, near, my, whereabouts, and, want, to, run, about, 15.0, km","O, O, O, O, O, O, B-difficulty, I-difficulty, O, O, O, O, O, O, O, B-start_location, I-start_location, O, O, O, O, O, B-route_length, I-route_length"
from my place on {start_location: ha'shayarot} to the park,"from, my, place, on, ha'shayarot, to, the, park","O, O, O, O, B-start_location, O, O, O"
"Just moved here, show me some {route_length: 6.5 km} routes near {start_location: usb street} {loca_start_num: 69}","Just, moved, here,, show, me, some, 6.5, km, routes, near, usb, street, 69","O, O, O, O, O, O, B-route_length, I-route_length, O, O, B-start_location, I-start_location, B-loca_start_num"
"{start_location: tel aviv street} {loca_start_num: 64} to {end_location: rashi} {loca_end_num: 24}, {difficulty: slightly challenging}","tel, aviv, street, 64, to, rashi, 24, ,, slightly, challenging","B-start_location, I-start_location, I-start_location, B-loca_start_num, O, B-end_location, B-loca_end_num, O, B-difficulty, I-difficulty"
"from {start_location: drip irrigation street} {loca_start_num: 25} to {end_location: my current location}, make it {difficulty: somewhat tough}","from, drip, irrigation, street, 25, to, my, current, location, ,, make, it, somewhat, tough","O, B-start_location, I-start_location, I-start_location, B-loca_start_num, O, B-end_location, I-end_location, I-end_location, O, O, O, B-difficulty, I-difficulty"
Looking for a nice running route that's good for beginners,"Looking, for, a, nice, running, route, that's, good, for, beginners","O, O, O, O, O, O, O, O, O, O"
Quick lunch run route near {start_location: mamilla} {loca_start_num: 25}?,"Quick, lunch, run, route, near, mamilla, 25, ?","O, O, O, O, O, B-start_location, B-loca_start_num, O"
Hi there! I'm staying at a hotel near {start_location: cafe roval street} {loca_start_num: 65} and would love a {difficulty: extreme difficulty} running route to {end_location: sderot harav herzog} {loca_end_num: 23} that's about {route_length: 4.0 kilometers} - preferably with some nice cafes along the way,"Hi, there!, I'm, staying, at, a, hotel, near, cafe, roval, street, 65, and, would, love, a, extreme, difficulty, running, route, to, sderot, harav, herzog, 23, that's, about, 4.0, kilometers, -, preferably, with, some, nice, cafes, along, the, way","O, O, O, O, O, O, O, O, B-start_location, I-start_location, I-start_location, B-loca_start_num, O, O, O, O, B-difficulty, I-difficulty, O, O, O, B-end_location, I-end_location, I-end_location, B-loca_end_num, O, O, B-route_length, I-route_length, O, O, O, O, O, O, O, O, O"
I need a running route that goes from {start_location: hagalil} {loca_start_num: 33} to {end_location: dov lautman} {loca_end_num: 76}.,"I, need, a, running, route, that, goes, from, hagalil, 33, to, dov, lautman, 76, .","O, O, O, O, O, O, O, O, B-start_location, B-loca_start_num, O, B-end_location, I-end_location, B-loca_end_num, O"
make me {difficulty: flat and easy} route {route_length: 11.0 km} beginning {start_location: shivtei israel} {loca_start_num: 73} end point {end_location: ibn gabirol street} {loca_end_num: 82},"make, me, flat, and, easy, route, 11.0, km, beginning, shivtei, israel, 73, end, point, ibn, gabirol, street, 82","O, O, B-difficulty, I-difficulty, I-difficulty, O, B-route_length, I-route_length, O, B-start_location, I-start_location, B-loca_start_num, O, O, B-end_location, I-end_location, I-end_location, B-loca_end_num"
"{difficulty: very hard} path from {start_location: textile} {loca_start_num: 79} to {end_location: mordechai zeira} {loca_end_num: 50}, {route_length: 3.0 km}","very, hard, path, from, textile, 79, to, mordechai, zeira, 50, ,, 3.0, km","B-difficulty, I-difficulty, O, O, B-start_location, B-loca_start_num, O, B-end_location, I-end_location, B-loca_end_num, O, B-route_length, I-route_length"
can you suggest good running path?,"can, you, suggest, good, running, path?","O, O, O, O, O, O"
"Need some hills in my life, {route_length: 8 km} route from {start_location: tell street} {loca_start_num: 33}?","Need, some, hills, in, my, life,, 8, km, route, from, tell, street, 33, ?","O, O, O, O, O, O, B-route_length, I-route_length, O, O, B-start_location, I-start_location, B-loca_start_num, O"
hey can you help me find a nice running track?,"hey, can, you, help, me, find, a, nice, running, track?","O, O, O, O, O, O, O, O, O, O"
start at {start_location: hungary} going to beach,"start, at, hungary, going, to, beach","O, O, B-start_location, O, O, O"
make me {difficulty: challenging} path,"make, me, challenging, path","O, O, B-difficulty, O"
Got 30 minutes to run from {start_location: sokolov street} {loca_start_num: 37},"Got, 30, minutes, to, run, from, sokolov, street, 37","O, O, O, O, O, O, B-start_location, I-start_location, B-loca_start_num"
Planning a social run - need a {difficulty: slightly challenging} {route_length: 7.0 kilometers} route with good stopping points,"Planning, a, social, run, -, need, a, slightly, challenging, 7.0, kilometers, route, with, good, stopping, points","O, O, O, O, O, O, O, B-difficulty, I-difficulty, B-route_length, I-route_length, O, O, O, O, O"
I want a running route of {route_length: 10.0 km}.,"I, want, a, running, route, of, 10.0, km, .","O, O, O, O, O, O, B-route_length, I-route_length, O"
I need a {difficulty: very hard} route.,"I, need, a, very, hard, route.","O, O, O, B-difficulty, I-difficulty, O"
Show me some routes near {end_location: allenby road} {loca_end_num: 83},"Show, me, some, routes, near, allenby, road, 83","O, O, O, O, O, B-end_location, I-end_location, B-loca_end_num"
plan {route_length: 6.0 km} route ending at {end_location: bukhara street} {loca_end_num: 50},"plan, 6.0, km, route, ending, at, bukhara, street, 50","O, B-route_length, I-route_length, O, O, O, B-end_location, I-end_location, B-loca_end_num"
Training for a marathon from {start_location: weizmann institute} {loca_start_num: 63},"Training, for, a, marathon, from, weizmann, institute, 63","O, O, O, O, O, B-start_location, I-start_location, B-loca_start_num"
runner here looking for {difficulty: intense} path {route_length: 18 kilometers},"runner, here, looking, for, intense, path, 18, kilometers","O, O, O, O, B-difficulty, O, B-route_length, I-route_length"
need help planning route,"need, help, planning, route","O, O, O, O"
Planning my weekend fitness routine and need a nice {route_length: 5.0 km} path with some interesting city views,"Planning, my, weekend, fitness, routine, and, need, a, nice, 5.0, km, path, with, some, interesting, city, views","O, O, O, O, O, O, O, O, O, B-route_length, I-route_length, O, O, O, O, O, O"
need a quick {route_length: 3-5 km} run,"need, a, quick, 3-5, km, run","O, O, O, B-route_length, I-route_length, O"
Create a {difficulty: challenging} running route from {start_location: david street} {loca_start_num: 37} to {end_location: hataasiya} {loca_end_num: 28} that is {route_length: 20 kilometers}.,"Create, a, challenging, running, route, from, david, street, 37, to, hataasiya, 28, that, is, 20, kilometers, .","O, O, B-difficulty, O, O, O, B-start_location, I-start_location, B-loca_start_num, O, B-end_location, B-loca_end_num, O, O, B-route_length, I-route_length, O"
Looking for a scenic route that's approximately {route_length: 12 km} and {difficulty: easy} - my mom is visiting and wants to go for a walk,"Looking, for, a, scenic, route, that's, approximately, 12, km, and, easy, -, my, mom, is, visiting, and, wants, to, go, for, a, walk","O, O, O, O, O, O, O, B-route_length, I-route_length, O, B-difficulty, O, O, O, O, O, O, O, O, O, O, O, O"
{route_length: 4 km} {difficulty: medium} track from {start_location: hillel} {loca_start_num: 53} to {end_location: tzfania street} {loca_end_num: 49},"4, km, medium, track, from, hillel, 53, to, tzfania, street, 49","B-route_length, I-route_length, B-difficulty, O, O, B-start_location, B-loca_start_num, O, B-end_location, I-end_location, B-loca_end_num"
want {difficulty: very easy} track about {route_length: 10.0 kilometers},"want, very, easy, track, about, 10.0, kilometers","O, B-difficulty, I-difficulty, O, O, B-route_length, I-route_length"
Please generate a route for running.,"Please, generate, a, route, for, running.","O, O, O, O, O, O"
good running track for photography,"good, running, track, for, photography","O, O, O, O, O"
Plan a running route for me.,"Plan, a, running, route, for, me.","O, O, O, O, O, O"
Need inspo for my {route_length: 1.0 kilometers} run starting at {start_location: hillel street} {loca_start_num: 1},"Need, inspo, for, my, 1.0, kilometers, run, starting, at, hillel, street, 1","O, O, O, O, B-route_length, I-route_length, O, O, O, B-start_location, I-start_location, B-loca_start_num"
Want to avoid muddy trails from {start_location: rashi street} {loca_start_num: 3},"Want, to, avoid, muddy, trails, from, rashi, street, 3","O, O, O, O, O, O, B-start_location, I-start_location, B-loca_start_num"
"Generate a {difficulty: very hard} route for me from {start_location: hatechnology} {loca_start_num: 93} to {end_location: my whereabouts}, covering {route_length: 4.5 kilometers}.","Generate, a, very, hard, route, for, me, from, hatechnology, 93, to, my, whereabouts, ,, covering, 4.5, kilometers, .","O, O, B-difficulty, I-difficulty, O, O, O, O, B-start_location, B-loca_start_num, O, B-end_location, I-end_location, O, O, B-route_length, I-route_length, O"
need {route_length: 9 km} {difficulty: very hard} path,"need, 9, km, very, hard, path","O, B-route_length, I-route_length, B-difficulty, I-difficulty, O"
Help me find a {difficulty: easy} route that starts from {start_location: zalman shazar} {loca_start_num: 60} and finishes at {end_location: strauss street} {loca_end_num: 44} with a distance of {route_length: 450 meters}.,"Help, me, find, a, easy, route, that, starts, from, zalman, shazar, 60, and, finishes, at, strauss, street, 44, with, a, distance, of, 450, meters, .","O, O, O, O, B-difficulty, O, O, O, O, B-start_location, I-start_location, B-loca_start_num, O, O, O, B-end_location, I-end_location, B-loca_end_num, O, O, O, O, B-route_length, I-route_length, O"
Prepping for race day from {start_location: yosef trumpeldor street} {loca_start_num: 82},"Prepping, for, race, day, from, yosef, trumpeldor, street, 82","O, O, O, O, O, B-start_location, I-start_location, I-start_location, B-loca_start_num"
"{start_location: light rail street} {loca_start_num: 72} to {end_location: red sea street} {loca_end_num: 58}, {route_length: 18 km}","light, rail, street, 72, to, red, sea, street, 58, ,, 18, km","B-start_location, I-start_location, I-start_location, B-loca_start_num, O, B-end_location, I-end_location, I-end_location, B-loca_end_num, O, B-route_length, I-route_length"
"Building endurance, show me a {difficulty: difficult but rewarding} {route_length: half-marathon length} route starting {start_location: tell} {loca_start_num: 35}","Building, endurance,, show, me, a, difficult, but, rewarding, half-marathon, length, route, starting, tell, 35","O, O, O, O, O, B-difficulty, I-difficulty, I-difficulty, B-route_length, I-route_length, O, O, B-start_location, B-loca_start_num"
I'm visiting Tel Aviv for the first time and would love to go for a morning run tomorrow,"I'm, visiting, Tel, Aviv, for, the, first, time, and, would, love, to, go, for, a, morning, run, tomorrow","O, O, O, O, O, O, O, O, O, O, O, O, O, O, O, O, O, O"
want to run but dont know where,"want, to, run, but, dont, know, where","O, O, O, O, O, O, O"
route to {end_location: hanevi'im} {loca_end_num: 93},"route, to, hanevi'im, 93","O, O, B-end_location, B-loca_end_num"
New runner here - need an easy {route_length: 4.5 kilometers} route near {start_location: silicon wadi} {loca_start_num: 85},"New, runner, here, -, need, an, easy, 4.5, kilometers, route, near, silicon, wadi, 85","O, O, O, O, O, O, O, B-route_length, I-route_length, O, O, B-start_location, I-start_location, B-loca_start_num"
On vacation but need to run {route_length: 10.0 km} near {start_location: herzog street} {loca_start_num: 45},"On, vacation, but, need, to, run, 10.0, km, near, herzog, street, 45","O, O, O, O, O, O, B-route_length, I-route_length, O, B-start_location, I-start_location, B-loca_start_num"
Find me somewhere to run {route_length: 6 km},"Find, me, somewhere, to, run, 6, km","O, O, O, O, O, B-route_length, I-route_length"
need {difficulty: difficult but rewarding} route for my mom,"need, difficult, but, rewarding, route, for, my, mom","O, B-difficulty, I-difficulty, I-difficulty, O, O, O, O"
can u plan my morning jog?,"can, u, plan, my, morning, jog?","O, O, O, O, O, O"
Just want somewhere new to run,"Just, want, somewhere, new, to, run","O, O, O, O, O, O"
Generate a {difficulty: not hard} running route from {start_location: damascus gate street} {loca_start_num: 36} to {end_location: usb street} {loca_end_num: 95} that spans {route_length: 1.0 kilometers}.,"Generate, a, not, hard, running, route, from, damascus, gate, street, 36, to, usb, street, 95, that, spans, 1.0, kilometers, .","O, O, B-difficulty, I-difficulty, O, O, O, B-start_location, I-start_location, I-start_location, B-loca_start_num, O, B-end_location, I-end_location, B-loca_end_num, O, O, B-route_length, I-route_length, O"
"{start_location: shaare zedek street} {loca_start_num: 97} to {end_location: innovation} {loca_end_num: 78}, {difficulty: extreme difficulty} {route_length: moderate distance}","shaare, zedek, street, 97, to, innovation, 78, ,, extreme, difficulty, moderate, distance","B-start_location, I-start_location, I-start_location, B-loca_start_num, O, B-end_location, B-loca_end_num, O, B-difficulty, I-difficulty, B-route_length, I-route_length"
{start_location: hagalil} {loca_start_num: 63} to {end_location: reuven rubin} {loca_end_num: 11},"hagalil, 63, to, reuven, rubin, 11","B-start_location, B-loca_start_num, O, B-end_location, I-end_location, B-loca_end_num"
where can i do short easy run?,"where, can, i, do, short, easy, run?","O, O, O, O, O, O, O"
i want to run {route_length: 12.0 kilometers} from {start_location: simchat torah} to {end_location: jabotinsky},"i, want, to, run, 12.0, kilometers, from, simchat, torah, to, jabotinsky","O, O, O, O, B-route_length, I-route_length, O, B-start_location, I-start_location, O, B-end_location"
where do locals run?,"where, do, locals, run?","O, O, O, O"
Looking for drinking fountains on my {route_length: long distance} run from {start_location: yemin moshe} {loca_start_num: 67},"Looking, for, drinking, fountains, on, my, long, distance, run, from, yemin, moshe, 67","O, O, O, O, O, O, B-route_length, I-route_length, O, O, B-start_location, I-start_location, B-loca_start_num"
Looking for a {route_length: 20.0 kilometers} running track that starts at {start_location: hahistadrut street} {loca_start_num: 44} and has some nice city views along the way,"Looking, for, a, 20.0, kilometers, running, track, that, starts, at, hahistadrut, street, 44, and, has, some, nice, city, views, along, the, way","O, O, O, B-route_length, I-route_length, O, O, O, O, O, B-start_location, I-start_location, B-loca_start_num, O, O, O, O, O, O, O, O, O"
need {difficulty: flat and easy} track starting from {start_location: open university street} {loca_start_num: 72},"need, flat, and, easy, track, starting, from, open, university, street, 72","O, B-difficulty, I-difficulty, I-difficulty, O, O, O, B-start_location, I-start_location, I-start_location, B-loca_start_num"
"I need a {difficulty: intense} run starting at {start_location: kinneret street} {loca_start_num: 86}, heading to {end_location: hatzanhanim} {loca_end_num: 44}, and covering {route_length: 500 meters}.","I, need, a, intense, run, starting, at, kinneret, street, 86, ,, heading, to, hatzanhanim, 44, ,, and, covering, 500, meters, .","O, O, O, B-difficulty, O, O, O, B-start_location, I-start_location, B-loca_start_num, O, O, O, B-end_location, B-loca_end_num, O, O, O, B-route_length, I-route_length, O"
Planning a social run - need a {difficulty: very easy} {route_length: 19.5 km} route with good stopping points,"Planning, a, social, run, -, need, a, very, easy, 19.5, km, route, with, good, stopping, points","O, O, O, O, O, O, O, B-difficulty, I-difficulty, B-route_length, I-route_length, O, O, O, O, O"
what's a good running spot around here?,"what's, a, good, running, spot, around, here?","O, O, O, O, O, O, O"
{difficulty: very hard} run ending at {end_location: carmel market},"very, hard, run, ending, at, carmel, market","B-difficulty, I-difficulty, O, O, O, B-end_location, I-end_location"
Can you provide a route to {end_location: ofra haza street} {loca_end_num: 21} that spans {route_length: 10 kilometers}?,"Can, you, provide, a, route, to, ofra, haza, street, 21, that, spans, 10, kilometers, ?","O, O, O, O, O, O, B-end_location, I-end_location, I-end_location, B-loca_end_num, O, O, B-route_length, I-route_length, O"
looking for {route_length: 10.0 kilometers} run with nice views,"looking, for, 10.0, kilometers, run, with, nice, views","O, O, B-route_length, I-route_length, O, O, O, O"
{route_length: over 20 km} path somewhere nice,"over, 20, km, path, somewhere, nice","B-route_length, I-route_length, I-route_length, O, O, O"
I'm staying at {start_location: theodor herzl} {loca_start_num: 24} and would love a {difficulty: medium} route to explore the city,"I'm, staying, at, theodor, herzl, 24, and, would, love, a, medium, route, to, explore, the, city","O, O, O, B-start_location, I-start_location, B-loca_start_num, O, O, O, O, B-difficulty, O, O, O, O, O"
Looking for a scenic {route_length: 18 km} from {start_location: chain} {loca_start_num: 58},"Looking, for, a, scenic, 18, km, from, chain, 58","O, O, O, O, B-route_length, I-route_length, O, B-start_location, B-loca_start_num"
I want a running route of {route_length: 3 kilometers}.,"I, want, a, running, route, of, 3, kilometers, .","O, O, O, O, O, O, B-route_length, I-route_length, O"
"Yo, need a {route_length: 16 km} route near {start_location: hadassah} {loca_start_num: 52}","Yo,, need, a, 16, km, route, near, hadassah, 52","O, O, O, B-route_length, I-route_length, O, O, B-start_location, B-loca_start_num"
"Coffee shop at the end please, {route_length: short} route from {start_location: prophets} {loca_start_num: 42}","Coffee, shop, at, the, end, please,, short, route, from, prophets, 42","O, O, O, O, O, O, B-route_length, O, O, B-start_location, B-loca_start_num"
"Leading a group run, show me a {route_length: 17.5 kilometers} route from {start_location: dan shechtman} {loca_start_num: 33}","Leading, a, group, run,, show, me, a, 17.5, kilometers, route, from, dan, shechtman, 33","O, O, O, O, O, O, O, B-route_length, I-route_length, O, O, B-start_location, I-start_location, B-loca_start_num"
{difficulty: very easy} path to {end_location: ze'ev jabotinsky} {loca_end_num: 83},"very, easy, path, to, ze'ev, jabotinsky, 83","B-difficulty, I-difficulty, O, O, B-end_location, I-end_location, B-loca_end_num"
need {difficulty: very easy} route about {route_length: 2.0 kilometers},"need, very, easy, route, about, 2.0, kilometers","O, B-difficulty, I-difficulty, O, O, B-route_length, I-route_length"
"Marathon training calls for {route_length: 19 km} today, starting from {start_location: hannah szenes} {loca_start_num: 36}","Marathon, training, calls, for, 19, km, today,, starting, from, hannah, szenes, 36","O, O, O, O, B-route_length, I-route_length, O, O, O, B-start_location, I-start_location, B-loca_start_num"
{difficulty: moderate effort} run {route_length: 1 km},"moderate, effort, run, 1, km","B-difficulty, I-difficulty, O, B-route_length, I-route_length"
what's a good running spot around here?,"what's, a, good, running, spot, around, here?","O, O, O, O, O, O, O"
help plan my morning exercise,"help, plan, my, morning, exercise","O, O, O, O, O"
Got 30 mins - where should I run from {start_location: lincoln street} {loca_start_num: 5}?,"Got, 30, mins, -, where, should, I, run, from, lincoln, street, 5, ?","O, O, O, O, O, O, O, O, O, B-start_location, I-start_location, B-loca_start_num, O"
where can i do short easy run?,"where, can, i, do, short, easy, run?","O, O, O, O, O, O, O"
"Plan a route from {start_location: geula} {loca_start_num: 57}, and make it {route_length: 2.0 kilometers}.","Plan, a, route, from, geula, 57, ,, and, make, it, 2.0, kilometers, .","O, O, O, O, B-start_location, B-loca_start_num, O, O, O, O, B-route_length, I-route_length, O"
{difficulty: not hard} run ending at {end_location: shazar},"not, hard, run, ending, at, shazar","B-difficulty, I-difficulty, O, O, O, B-end_location"
Got any good routes nearby?,"Got, any, good, routes, nearby?","O, O, O, O, O"
first timer needs running advice,"first, timer, needs, running, advice","O, O, O, O, O"
tourist needs running recommendations,"tourist, needs, running, recommendations","O, O, O, O"
suggest good spots for morning exercise,"suggest, good, spots, for, morning, exercise","O, O, O, O, O, O"
Plan a running route for me.,"Plan, a, running, route, for, me.","O, O, O, O, O, O"
start from {start_location: agripas} {loca_start_num: 49} to {end_location: rabbi akiva street},"start, from, agripas, 49, to, rabbi, akiva, street","O, O, B-start_location, B-loca_start_num, O, B-end_location, I-end_location, I-end_location"
Looking for a nice running route that's good for beginners,"Looking, for, a, nice, running, route, that's, good, for, beginners","O, O, O, O, O, O, O, O, O, O"
want route from {start_location: eli cohen street} that's not too hard,"want, route, from, eli, cohen, street, that's, not, too, hard","O, O, O, B-start_location, I-start_location, I-start_location, O, O, O, O"
Time for my long run - need a {difficulty: flat and easy} {route_length: 8 kilometers} route from {start_location: lions gate street} {loca_start_num: 50},"Time, for, my, long, run, -, need, a, flat, and, easy, 8, kilometers, route, from, lions, gate, street, 50","O, O, O, O, O, O, O, O, B-difficulty, I-difficulty, I-difficulty, B-route_length, I-route_length, O, O, B-start_location, I-start_location, I-start_location, B-loca_start_num"
gimme {difficulty: very hard} path {route_length: 13.0 km} start {start_location: beersheba street} {loca_start_num: 65} finish {end_location: here},"gimme, very, hard, path, 13.0, km, start, beersheba, street, 65, finish, here","O, B-difficulty, I-difficulty, O, B-route_length, I-route_length, O, B-start_location, I-start_location, B-loca_start_num, O, B-end_location"
run from {start_location: arthur ruppin street} to {end_location: independence} {loca_end_num: 46},"run, from, arthur, ruppin, street, to, independence, 46","O, O, B-start_location, I-start_location, I-start_location, O, B-end_location, B-loca_end_num"
{difficulty: somewhat tough} path {route_length: 15.0 kilometers} from {start_location: port street} {loca_start_num: 6} to {end_location: shai agnon} {loca_end_num: 83},"somewhat, tough, path, 15.0, kilometers, from, port, street, 6, to, shai, agnon, 83","B-difficulty, I-difficulty, O, B-route_length, I-route_length, O, B-start_location, I-start_location, B-loca_start_num, O, B-end_location, I-end_location, B-loca_end_num"
{start_location: cyber} {loca_start_num: 51} to {end_location: baba sali street},"cyber, 51, to, baba, sali, street","B-start_location, B-loca_start_num, O, B-end_location, I-end_location, I-end_location"
Can you provide a route to {end_location: leah goldberg} {loca_end_num: 88} that spans {route_length: 1.5 km}?,"Can, you, provide, a, route, to, leah, goldberg, 88, that, spans, 1.5, km, ?","O, O, O, O, O, O, B-end_location, I-end_location, B-loca_end_num, O, O, B-route_length, I-route_length, O"
"{start_location: uri avnery street} {loca_start_num: 22} to {end_location: lions gate} {loca_end_num: 23}, {difficulty: somewhat tough}","uri, avnery, street, 22, to, lions, gate, 23, ,, somewhat, tough","B-start_location, I-start_location, I-start_location, B-loca_start_num, O, B-end_location, I-end_location, B-loca_end_num, O, B-difficulty, I-difficulty"
experienced runner looking for {difficulty: hard} route about {route_length: 12.5 km},"experienced, runner, looking, for, hard, route, about, 12.5, km","O, O, O, O, B-difficulty, O, O, B-route_length, I-route_length"
start at {start_location: bograshov} going to beach,"start, at, bograshov, going, to, beach","O, O, B-start_location, O, O, O"
"Building up mileage, need a {difficulty: extreme difficulty} {route_length: 5 kilometers} route near {start_location: habustan} {loca_start_num: 85}","Building, up, mileage,, need, a, extreme, difficulty, 5, kilometers, route, near, habustan, 85","O, O, O, O, O, B-difficulty, I-difficulty, B-route_length, I-route_length, O, O, B-start_location, B-loca_start_num"
Looking for a scenic {route_length: 3-5 km} from {start_location: ilan ramon} {loca_start_num: 2},"Looking, for, a, scenic, 3-5, km, from, ilan, ramon, 2","O, O, O, O, B-route_length, I-route_length, O, B-start_location, I-start_location, B-loca_start_num"
need {route_length: 5.0 kilometers} {difficulty: somewhat tough} path,"need, 5.0, kilometers, somewhat, tough, path","O, B-route_length, I-route_length, B-difficulty, I-difficulty, O"
"My usual route is boring, need a {difficulty: intense} {route_length: 3.0 km} alternative from {start_location: carmel market street} {loca_start_num: 99}","My, usual, route, is, boring,, need, a, intense, 3.0, km, alternative, from, carmel, market, street, 99","O, O, O, O, O, O, O, B-difficulty, B-route_length, I-route_length, O, O, B-start_location, I-start_location, I-start_location, B-loca_start_num"
Need a solid {difficulty: very easy} route from {start_location: jezreel street} {loca_start_num: 84} to {end_location: shmuel hanavi street} {loca_end_num: 50},"Need, a, solid, very, easy, route, from, jezreel, street, 84, to, shmuel, hanavi, street, 50","O, O, O, B-difficulty, I-difficulty, O, O, B-start_location, I-start_location, B-loca_start_num, O, B-end_location, I-end_location, I-end_location, B-loca_end_num"
Create a running route from {start_location: acre} {loca_start_num: 60} that is {route_length: 18.5 km}.,"Create, a, running, route, from, acre, 60, that, is, 18.5, km, .","O, O, O, O, O, B-start_location, B-loca_start_num, O, O, B-route_length, I-route_length, O"
need route for tomorrow morning run,"need, route, for, tomorrow, morning, run","O, O, O, O, O, O"
Can anyone recommend a good running path for a tourist? Staying in a hotel on {start_location: isaiah} and want to explore the city,"Can, anyone, recommend, a, good, running, path, for, a, tourist?, Staying, in, a, hotel, on, isaiah, and, want, to, explore, the, city","O, O, O, O, O, O, O, O, O, O, O, O, O, O, O, B-start_location, O, O, O, O, O, O"
"{start_location: gamla street} {loca_start_num: 53} to {end_location: sukkot street} {loca_end_num: 65}, {route_length: 20.0 km}","gamla, street, 53, to, sukkot, street, 65, ,, 20.0, km","B-start_location, I-start_location, B-loca_start_num, O, B-end_location, I-end_location, B-loca_end_num, O, B-route_length, I-route_length"
{difficulty: medium} {route_length: 9 kilometers} route please,"medium, 9, kilometers, route, please","B-difficulty, B-route_length, I-route_length, O, O"
first time in tel aviv where should i go running?,"first, time, in, tel, aviv, where, should, i, go, running?","O, O, O, O, O, O, O, O, O, O"
{difficulty: challenging} run {route_length: 5 kilometers},"challenging, run, 5, kilometers","B-difficulty, O, B-route_length, I-route_length"
"Building up mileage, need a {difficulty: hard} {route_length: 10 km} route near {start_location: haalon street} {loca_start_num: 55}","Building, up, mileage,, need, a, hard, 10, km, route, near, haalon, street, 55","O, O, O, O, O, B-difficulty, B-route_length, I-route_length, O, O, B-start_location, I-start_location, B-loca_start_num"
"{start_location: menachem begin street} {loca_start_num: 14} to {end_location: shlomzion hamalka}, something easy please","menachem, begin, street, 14, to, shlomzion, hamalka, ,, something, easy, please","B-start_location, I-start_location, I-start_location, B-loca_start_num, O, B-end_location, I-end_location, O, O, O, O"
{difficulty: slightly challenging} route {route_length: 3.5 kilometers} starting {start_location: bedouin path street} {loca_start_num: 28},"slightly, challenging, route, 3.5, kilometers, starting, bedouin, path, street, 28","B-difficulty, I-difficulty, O, B-route_length, I-route_length, O, B-start_location, I-start_location, I-start_location, B-loca_start_num"
"First time running in this area, need a {route_length: 3 km} route near {start_location: satellite} {loca_start_num: 80}","First, time, running, in, this, area,, need, a, 3, km, route, near, satellite, 80","O, O, O, O, O, O, O, O, B-route_length, I-route_length, O, O, B-start_location, B-loca_start_num"
Need a route with bathrooms from {start_location: cyber} {loca_start_num: 73},"Need, a, route, with, bathrooms, from, cyber, 73","O, O, O, O, O, O, B-start_location, B-loca_start_num"
need route for evening run,"need, route, for, evening, run","O, O, O, O, O"
"Plan a route from {start_location: nachlaot street} {loca_start_num: 55}, and make it {route_length: 18 km}.","Plan, a, route, from, nachlaot, street, 55, ,, and, make, it, 18, km, .","O, O, O, O, B-start_location, I-start_location, B-loca_start_num, O, O, O, O, B-route_length, I-route_length, O"
need {difficulty: somewhat tough} track for morning jog,"need, somewhat, tough, track, for, morning, jog","O, B-difficulty, I-difficulty, O, O, O, O"
need running suggestions please,"need, running, suggestions, please","O, O, O, O"
{difficulty: somewhat tough} run {route_length: 3.5 km},"somewhat, tough, run, 3.5, km","B-difficulty, I-difficulty, O, B-route_length, I-route_length"
from {start_location: keren hayesod} {loca_start_num: 57} need {difficulty: somewhat tough} path,"from, keren, hayesod, 57, need, somewhat, tough, path","O, B-start_location, I-start_location, B-loca_start_num, O, B-difficulty, I-difficulty, O"
make me {difficulty: not hard} path,"make, me, not, hard, path","O, O, B-difficulty, I-difficulty, O"
Can you suggest a nice morning running path that's not too difficult? Maybe around {route_length: 2.0 kilometers} somewhere near the beach?,"Can, you, suggest, a, nice, morning, running, path, that's, not, too, difficult?, Maybe, around, 2.0, kilometers, somewhere, near, the, beach?","O, O, O, O, O, O, O, O, O, O, O, O, O, O, B-route_length, I-route_length, O, O, O, O"
Time for my long run from {start_location: ein gedi} {loca_start_num: 16},"Time, for, my, long, run, from, ein, gedi, 16","O, O, O, O, O, O, B-start_location, I-start_location, B-loca_start_num"
New runner here - need an easy {route_length: 2 km} route near {start_location: moshav street} {loca_start_num: 44},"New, runner, here, -, need, an, easy, 2, km, route, near, moshav, street, 44","O, O, O, O, O, O, O, B-route_length, I-route_length, O, O, B-start_location, I-start_location, B-loca_start_num"
run starting {start_location: einstein street} {loca_start_num: 41},"run, starting, einstein, street, 41","O, O, B-start_location, I-start_location, B-loca_start_num"
"Ready to crush it, give me a {difficulty: intense} {route_length: 6.0 kilometers} starting at {start_location: weizmann} {loca_start_num: 84}","Ready, to, crush, it,, give, me, a, intense, 6.0, kilometers, starting, at, weizmann, 84","O, O, O, O, O, O, O, B-difficulty, B-route_length, I-route_length, O, O, B-start_location, B-loca_start_num"
Need a sunset route around {route_length: ultra marathon length} from {start_location: yitzhak kariv street} {loca_start_num: 45},"Need, a, sunset, route, around, ultra, marathon, length, from, yitzhak, kariv, street, 45","O, O, O, O, O, B-route_length, I-route_length, I-route_length, O, B-start_location, I-start_location, I-start_location, B-loca_start_num"
Want to avoid muddy trails from {start_location: khan theater} {loca_start_num: 27},"Want, to, avoid, muddy, trails, from, khan, theater, 27","O, O, O, O, O, O, B-start_location, I-start_location, B-loca_start_num"
"Not feeling it today, got an easy {route_length: 17.0 km} route near {start_location: ted arison street} {loca_start_num: 4}?","Not, feeling, it, today,, got, an, easy, 17.0, km, route, near, ted, arison, street, 4, ?","O, O, O, O, O, O, O, B-route_length, I-route_length, O, O, B-start_location, I-start_location, I-start_location, B-loca_start_num, O"
"Just moved here, show me some {route_length: ultra marathon length} routes near {start_location: inbal street} {loca_start_num: 57}","Just, moved, here,, show, me, some, ultra, marathon, length, routes, near, inbal, street, 57","O, O, O, O, O, O, B-route_length, I-route_length, I-route_length, O, O, B-start_location, I-start_location, B-loca_start_num"
I want a running route of {route_length: 6.0 km}.,"I, want, a, running, route, of, 6.0, km, .","O, O, O, O, O, O, B-route_length, I-route_length, O"
looking for a nice morning jog route nothing too crazy,"looking, for, a, nice, morning, jog, route, nothing, too, crazy","O, O, O, O, O, O, O, O, O, O"
Need a good running track for my morning exercise - something that starts near {start_location: abba eban street} and is moderately challenging,"Need, a, good, running, track, for, my, morning, exercise, -, something, that, starts, near, abba, eban, street, and, is, moderately, challenging","O, O, O, O, O, O, O, O, O, O, O, O, O, O, B-start_location, I-start_location, I-start_location, O, O, O, O"
elderly person looking for nice walking route,"elderly, person, looking, for, nice, walking, route","O, O, O, O, O, O, O"
Looking for a nice {difficulty: very easy} path from {start_location: king george street} {loca_start_num: 9} that's good for elderly people,"Looking, for, a, nice, very, easy, path, from, king, george, street, 9, that's, good, for, elderly, people","O, O, O, O, B-difficulty, I-difficulty, O, O, B-start_location, I-start_location, I-start_location, B-loca_start_num, O, O, O, O, O"
training for marathon need long route,"training, for, marathon, need, long, route","O, O, O, O, O, O"
"{start_location: hannah szenes} {loca_start_num: 13} to {end_location: my exact location}, {difficulty: somewhat tough} {route_length: 5.5 km}","hannah, szenes, 13, to, my, exact, location, ,, somewhat, tough, 5.5, km","B-start_location, I-start_location, B-loca_start_num, O, B-end_location, I-end_location, I-end_location, O, B-difficulty, I-difficulty, B-route_length, I-route_length"
Create a route that spans {route_length: 5.0 kilometers}.,"Create, a, route, that, spans, 5.0, kilometers, .","O, O, O, O, O, B-route_length, I-route_length, O"
"Time trial day, need a flat {route_length: 550 meters} route from {start_location: ethiopia street} {loca_start_num: 31}","Time, trial, day,, need, a, flat, 550, meters, route, from, ethiopia, street, 31","O, O, O, O, O, O, B-route_length, I-route_length, O, O, B-start_location, I-start_location, B-loca_start_num"
start {start_location: jabotinsky street} {loca_start_num: 71} {difficulty: intense},"start, jabotinsky, street, 71, intense","O, B-start_location, I-start_location, B-loca_start_num, B-difficulty"
New runner here - need an easy {route_length: 3.5 kilometers} route near {start_location: efraim} {loca_start_num: 37},"New, runner, here, -, need, an, easy, 3.5, kilometers, route, near, efraim, 37","O, O, O, O, O, O, O, B-route_length, I-route_length, O, O, B-start_location, B-loca_start_num"
{route_length: 5.5 km} to {end_location: mayim street} {loca_end_num: 15} please,"5.5, km, to, mayim, street, 15, please","B-route_length, I-route_length, O, B-end_location, I-end_location, B-loca_end_num, O"
need {route_length: 3.5 km} easy route,"need, 3.5, km, easy, route","O, B-route_length, I-route_length, O, O"
where to run for good city views?,"where, to, run, for, good, city, views?","O, O, O, O, O, O, O"
Doing speedwork from {start_location: simchat torah} {loca_start_num: 92},"Doing, speedwork, from, simchat, torah, 92","O, O, O, B-start_location, I-start_location, B-loca_start_num"
{difficulty: easy} route from {start_location: solar energy street} {loca_start_num: 58},"easy, route, from, solar, energy, street, 58","B-difficulty, O, O, B-start_location, I-start_location, I-start_location, B-loca_start_num"
"First time running in this area, need a {route_length: 2.5 km} route near {start_location: via dolorosa} {loca_start_num: 54}","First, time, running, in, this, area,, need, a, 2.5, km, route, near, via, dolorosa, 54","O, O, O, O, O, O, O, O, B-route_length, I-route_length, O, O, B-start_location, I-start_location, B-loca_start_num"
It's hot today - got any shaded {route_length: 3.5 kilometers} routes from {start_location: safed} {loca_start_num: 3}?,"It's, hot, today, -, got, any, shaded, 3.5, kilometers, routes, from, safed, 3, ?","O, O, O, O, O, O, O, B-route_length, I-route_length, O, O, B-start_location, B-loca_start_num, O"
{difficulty: slightly challenging} route to {end_location: chaim topol street} {loca_end_num: 18},"slightly, challenging, route, to, chaim, topol, street, 18","B-difficulty, I-difficulty, O, O, B-end_location, I-end_location, I-end_location, B-loca_end_num"
need route starting {start_location: icq} ending {end_location: malkhei yisrael street} {loca_end_num: 58},"need, route, starting, icq, ending, malkhei, yisrael, street, 58","O, O, O, B-start_location, O, B-end_location, I-end_location, I-end_location, B-loca_end_num"
"{start_location: gamla street} {loca_start_num: 17} to {end_location: ben gurion university} {loca_end_num: 76}, {difficulty: very hard} {route_length: 17.5 km}","gamla, street, 17, to, ben, gurion, university, 76, ,, very, hard, 17.5, km","B-start_location, I-start_location, B-loca_start_num, O, B-end_location, I-end_location, I-end_location, B-loca_end_num, O, B-difficulty, I-difficulty, B-route_length, I-route_length"
Can you suggest a running route?,"Can, you, suggest, a, running, route?","O, O, O, O, O, O"
Time for my daily run,"Time, for, my, daily, run","O, O, O, O, O"
{route_length: 13 km} easy run plz,"13, km, easy, run, plz","B-route_length, I-route_length, O, O, O"
"{route_length: extremely long} route from {start_location: hebrew university} {loca_start_num: 29} to {end_location: balfour} {loca_end_num: 4}, not too hard","extremely, long, route, from, hebrew, university, 29, to, balfour, 4, ,, not, too, hard","B-route_length, I-route_length, O, O, B-start_location, I-start_location, B-loca_start_num, O, B-end_location, B-loca_end_num, O, O, O, O"
Need a good running track for my morning exercise - something that starts near {start_location: ahad ha'am} and is moderately challenging,"Need, a, good, running, track, for, my, morning, exercise, -, something, that, starts, near, ahad, ha'am, and, is, moderately, challenging","O, O, O, O, O, O, O, O, O, O, O, O, O, O, B-start_location, I-start_location, O, O, O, O"
start from {start_location: beit she'an} {loca_start_num: 97} to {end_location: rambam},"start, from, beit, she'an, 97, to, rambam","O, O, B-start_location, I-start_location, B-loca_start_num, O, B-end_location"
Feeling good need a {difficulty: intense} route,"Feeling, good, need, a, intense, route","O, O, O, O, B-difficulty, O"
"Sunrise run route needed near {start_location: jeremiah} {loca_start_num: 91}, about {route_length: 14 km}","Sunrise, run, route, needed, near, jeremiah, 91, ,, about, 14, km","O, O, O, O, O, B-start_location, B-loca_start_num, O, O, B-route_length, I-route_length"
Want to avoid hills - got a flat {route_length: 8 km} route from {start_location: hahigh-tech} {loca_start_num: 16}?,"Want, to, avoid, hills, -, got, a, flat, 8, km, route, from, hahigh-tech, 16, ?","O, O, O, O, O, O, O, O, B-route_length, I-route_length, O, O, B-start_location, B-loca_start_num, O"
"{start_location: yehuda halevi street} {loca_start_num: 89} to {end_location: golan} {loca_end_num: 17}, {difficulty: not hard} please","yehuda, halevi, street, 89, to, golan, 17, ,, not, hard, please","B-start_location, I-start_location, I-start_location, B-loca_start_num, O, B-end_location, B-loca_end_num, O, B-difficulty, I-difficulty, O"
competitive runner need {difficulty: easy} track {route_length: 18.5 km} from {start_location: hashual street} {loca_start_num: 53} to {end_location: arava} {loca_end_num: 18},"competitive, runner, need, easy, track, 18.5, km, from, hashual, street, 53, to, arava, 18","O, O, O, B-difficulty, O, B-route_length, I-route_length, O, B-start_location, I-start_location, B-loca_start_num, O, B-end_location, B-loca_end_num"
Plan a route of {route_length: 10.5 kilometers}.,"Plan, a, route, of, 10.5, kilometers, .","O, O, O, O, B-route_length, I-route_length, O"
{difficulty: very easy} route to {end_location: jeremiah} {loca_end_num: 25},"very, easy, route, to, jeremiah, 25","B-difficulty, I-difficulty, O, O, B-end_location, B-loca_end_num"
Taking the run club from {start_location: acacia valley} {loca_start_num: 37},"Taking, the, run, club, from, acacia, valley, 37","O, O, O, O, O, B-start_location, I-start_location, B-loca_start_num"
new to running need advice,"new, to, running, need, advice","O, O, O, O, O"
first time in tel aviv want to go running,"first, time, in, tel, aviv, want, to, go, running","O, O, O, O, O, O, O, O, O"
{difficulty: intense} route somewhere nice,"intense, route, somewhere, nice","B-difficulty, O, O, O"
need {difficulty: intense} jogging route {route_length: 9 km} starting {start_location: rambam street} {loca_start_num: 59} finish at {end_location: arthur ruppin} {loca_end_num: 88},"need, intense, jogging, route, 9, km, starting, rambam, street, 59, finish, at, arthur, ruppin, 88","O, B-difficulty, O, O, B-route_length, I-route_length, O, B-start_location, I-start_location, B-loca_start_num, O, O, B-end_location, I-end_location, B-loca_end_num"
Need a route for today,"Need, a, route, for, today","O, O, O, O, O"
Taking a different route today from {start_location: this point},"Taking, a, different, route, today, from, this, point","O, O, O, O, O, O, B-start_location, I-start_location"
running path recommendation,"running, path, recommendation","O, O, O"
Need a shaded route from {start_location: jerusalem boulevard} {loca_start_num: 81},"Need, a, shaded, route, from, jerusalem, boulevard, 81","O, O, O, O, O, B-start_location, I-start_location, B-loca_start_num"
"Generate a {difficulty: flat and easy} route for me from {start_location: right where i am} {loca_start_num: 14} to {end_location: ben yehuda} {loca_end_num: 19}, covering {route_length: 9.5 kilometers}.","Generate, a, flat, and, easy, route, for, me, from, right, where, i, am, 14, to, ben, yehuda, 19, ,, covering, 9.5, kilometers, .","O, O, B-difficulty, I-difficulty, I-difficulty, O, O, O, O, B-start_location, I-start_location, I-start_location, I-start_location, B-loca_start_num, O, B-end_location, I-end_location, B-loca_end_num, O, O, B-route_length, I-route_length, O"
Need a morning route - something {difficulty: slightly challenging} around {route_length: 15-20 km} from {start_location: haim laskov} {loca_start_num: 13},"Need, a, morning, route, -, something, slightly, challenging, around, 15-20, km, from, haim, laskov, 13","O, O, O, O, O, O, B-difficulty, I-difficulty, O, B-route_length, I-route_length, O, B-start_location, I-start_location, B-loca_start_num"
"Time trial day, need a flat {route_length: 1-3 km} route from {start_location: chaim nachman bialik} {loca_start_num: 8}","Time, trial, day,, need, a, flat, 1-3, km, route, from, chaim, nachman, bialik, 8","O, O, O, O, O, O, B-route_length, I-route_length, O, O, B-start_location, I-start_location, I-start_location, B-loca_start_num"
Time for my daily run,"Time, for, my, daily, run","O, O, O, O, O"
Please plan a {difficulty: easy} run that starts at {start_location: isaiah street} {loca_start_num: 70} and ends at {end_location: sharon} {loca_end_num: 88} with a total distance of {route_length: 400 meters}.,"Please, plan, a, easy, run, that, starts, at, isaiah, street, 70, and, ends, at, sharon, 88, with, a, total, distance, of, 400, meters, .","O, O, O, B-difficulty, O, O, O, O, B-start_location, I-start_location, B-loca_start_num, O, O, O, B-end_location, B-loca_end_num, O, O, O, O, O, B-route_length, I-route_length, O"
where to run {route_length: 11.5 kilometers}?,"where, to, run, 11.5, kilometers, ?","O, O, O, B-route_length, I-route_length, O"
"I want to run {route_length: 3.0 km} starting at {start_location: hashmonaim street} {loca_start_num: 86} and ending at {end_location: marcel janco street} {loca_end_num: 22}, with {difficulty: challenging} difficulty.","I, want, to, run, 3.0, km, starting, at, hashmonaim, street, 86, and, ending, at, marcel, janco, street, 22, ,, with, challenging, difficulty.","O, O, O, O, B-route_length, I-route_length, O, O, B-start_location, I-start_location, B-loca_start_num, O, O, O, B-end_location, I-end_location, I-end_location, B-loca_end_num, O, O, B-difficulty, O"
pls make running route {difficulty: very hard} about {route_length: 17.0 km} starting {start_location: satellite street} {loca_start_num: 26} ending {end_location: hatzvi} {loca_end_num: 54},"pls, make, running, route, very, hard, about, 17.0, km, starting, satellite, street, 26, ending, hatzvi, 54","O, O, O, O, B-difficulty, I-difficulty, O, B-route_length, I-route_length, O, B-start_location, I-start_location, B-loca_start_num, O, B-end_location, B-loca_end_num"
advanced runner want {difficulty: somewhat tough} course {route_length: 16.5 kilometers} beginning {start_location: prophets} {loca_start_num: 42} end at {end_location: shazar street} {loca_end_num: 68},"advanced, runner, want, somewhat, tough, course, 16.5, kilometers, beginning, prophets, 42, end, at, shazar, street, 68","O, O, O, B-difficulty, I-difficulty, O, B-route_length, I-route_length, O, B-start_location, B-loca_start_num, O, O, B-end_location, I-end_location, B-loca_end_num"
{start_location: around me} to {end_location: king george street} {loca_end_num: 60},"around, me, to, king, george, street, 60","B-start_location, I-start_location, O, B-end_location, I-end_location, I-end_location, B-loca_end_num"
Quick lunch run route near {start_location: ada yonath} {loca_start_num: 71}?,"Quick, lunch, run, route, near, ada, yonath, 71, ?","O, O, O, O, O, B-start_location, I-start_location, B-loca_start_num, O"
route to {end_location: malkhei yisrael street} {loca_end_num: 50},"route, to, malkhei, yisrael, street, 50","O, O, B-end_location, I-end_location, I-end_location, B-loca_end_num"
senior citizen requesting {difficulty: easy} course {route_length: 12.5 km} starting {start_location: shmuel hanagid street} {loca_start_num: 94} ending {end_location: shalom street} {loca_end_num: 23},"senior, citizen, requesting, easy, course, 12.5, km, starting, shmuel, hanagid, street, 94, ending, shalom, street, 23","O, O, O, B-difficulty, O, B-route_length, I-route_length, O, B-start_location, I-start_location, I-start_location, B-loca_start_num, O, B-end_location, I-end_location, B-loca_end_num"
{start_location: beit hakerem street} to {end_location: maimonides street} run,"beit, hakerem, street, to, maimonides, street, run","B-start_location, I-start_location, I-start_location, O, B-end_location, I-end_location, O"
start from {start_location: where i am} {loca_start_num: 20} to {end_location: nahal alexander},"start, from, where, i, am, 20, to, nahal, alexander","O, O, B-start_location, I-start_location, I-start_location, B-loca_start_num, O, B-end_location, I-end_location"
"{start_location: silicon wadi street} {loca_start_num: 57} to {end_location: beit she'an street} {loca_end_num: 67}, {difficulty: easy} {route_length: 14.0 km}","silicon, wadi, street, 57, to, beit, she'an, street, 67, ,, easy, 14.0, km","B-start_location, I-start_location, I-start_location, B-loca_start_num, O, B-end_location, I-end_location, I-end_location, B-loca_end_num, O, B-difficulty, B-route_length, I-route_length"
Create a {difficulty: easy} running route from {start_location: alexander zarchin} {loca_start_num: 47} to {end_location: morocco} {loca_end_num: 80} that is {route_length: 5-10 km}.,"Create, a, easy, running, route, from, alexander, zarchin, 47, to, morocco, 80, that, is, 5-10, km, .","O, O, B-difficulty, O, O, O, B-start_location, I-start_location, B-loca_start_num, O, B-end_location, B-loca_end_num, O, O, B-route_length, I-route_length, O"
suggest good spots for morning exercise,"suggest, good, spots, for, morning, exercise","O, O, O, O, O, O"
Generate a {difficulty: flat and easy} running route.,"Generate, a, flat, and, easy, running, route.","O, O, B-difficulty, I-difficulty, I-difficulty, O, O"
need route 4 beginner {difficulty: intense} about {route_length: 600 meters} from {start_location: asher} {loca_start_num: 10} to {end_location: arik einstein street} {loca_end_num: 65},"need, route, 4, beginner, intense, about, 600, meters, from, asher, 10, to, arik, einstein, street, 65","O, O, O, O, B-difficulty, O, B-route_length, I-route_length, O, B-start_location, B-loca_start_num, O, B-end_location, I-end_location, I-end_location, B-loca_end_num"
help me plan my run,"help, me, plan, my, run","O, O, O, O, O"
Got any decent {route_length: 8 kilometers} loops starting from {start_location: stef wertheimer} {loca_start_num: 93}?,"Got, any, decent, 8, kilometers, loops, starting, from, stef, wertheimer, 93, ?","O, O, O, B-route_length, I-route_length, O, O, O, B-start_location, I-start_location, B-loca_start_num, O"
looking for {difficulty: somewhat tough} track,"looking, for, somewhat, tough, track","O, O, B-difficulty, I-difficulty, O"
Looking for some hill training - {difficulty: not hard} route around {route_length: very short} from {start_location: morocco} {loca_start_num: 7},"Looking, for, some, hill, training, -, not, hard, route, around, very, short, from, morocco, 7","O, O, O, O, O, O, B-difficulty, I-difficulty, O, O, B-route_length, I-route_length, O, B-start_location, B-loca_start_num"
start {start_location: icq street} {loca_start_num: 56} {difficulty: medium},"start, icq, street, 56, medium","O, B-start_location, I-start_location, B-loca_start_num, B-difficulty"
Map me a route from {start_location: hatechnology} {loca_start_num: 71},"Map, me, a, route, from, hatechnology, 71","O, O, O, O, O, B-start_location, B-loca_start_num"
can you suggest good running path?,"can, you, suggest, good, running, path?","O, O, O, O, O, O"
Generate a {difficulty: intense} running route from {start_location: crusader} {loca_start_num: 92} to {end_location: rabin boulevard} {loca_end_num: 11} that spans {route_length: 550 meters}.,"Generate, a, intense, running, route, from, crusader, 92, to, rabin, boulevard, 11, that, spans, 550, meters, .","O, O, B-difficulty, O, O, O, B-start_location, B-loca_start_num, O, B-end_location, I-end_location, B-loca_end_num, O, O, B-route_length, I-route_length, O"
Taking it easy today from {start_location: damascus gate} {loca_start_num: 99},"Taking, it, easy, today, from, damascus, gate, 99","O, O, O, O, O, B-start_location, I-start_location, B-loca_start_num"
"Can you help plan a route? I live near {start_location: baka} {loca_start_num: 51} and want to run to {end_location: chaim weizmann street} {loca_end_num: 33}, maybe {difficulty: not hard} level","Can, you, help, plan, a, route?, I, live, near, baka, 51, and, want, to, run, to, chaim, weizmann, street, 33, ,, maybe, not, hard, level","O, O, O, O, O, O, O, O, O, B-start_location, B-loca_start_num, O, O, O, O, O, B-end_location, I-end_location, I-end_location, B-loca_end_num, O, O, B-difficulty, I-difficulty, O"
Gotta get my miles in - show me a {route_length: 2.5 kilometers} loop from {start_location: alfasi} {loca_start_num: 63},"Gotta, get, my, miles, in, -, show, me, a, 2.5, kilometers, loop, from, alfasi, 63","O, O, O, O, O, O, O, O, O, B-route_length, I-route_length, O, O, B-start_location, B-loca_start_num"
Show me where to run,"Show, me, where, to, run","O, O, O, O, O"
"Can you help plan a route? I live near {start_location: tal brody} {loca_start_num: 68} and want to run to {end_location: balfour} {loca_end_num: 97}, maybe {difficulty: very easy} level","Can, you, help, plan, a, route?, I, live, near, tal, brody, 68, and, want, to, run, to, balfour, 97, ,, maybe, very, easy, level","O, O, O, O, O, O, O, O, O, B-start_location, I-start_location, B-loca_start_num, O, O, O, O, O, B-end_location, B-loca_end_num, O, O, B-difficulty, I-difficulty, O"
Plan a {difficulty: extreme difficulty} route ending at {end_location: yehuda leib pinsker} {loca_end_num: 5}.,"Plan, a, extreme, difficulty, route, ending, at, yehuda, leib, pinsker, 5, .","O, O, B-difficulty, I-difficulty, O, O, O, B-end_location, I-end_location, I-end_location, B-loca_end_num, O"
"{start_location: enzo sereni} {loca_start_num: 24} to {end_location: where i'm located} {loca_end_num: 27}, make it {difficulty: difficult but rewarding}","enzo, sereni, 24, to, where, i'm, located, 27, ,, make, it, difficult, but, rewarding","B-start_location, I-start_location, B-loca_start_num, O, B-end_location, I-end_location, I-end_location, B-loca_end_num, O, O, O, B-difficulty, I-difficulty, I-difficulty"
Generate a {difficulty: flat and easy} running route from {start_location: hasycamore} {loca_start_num: 4} to {end_location: arthur ruppin street} {loca_end_num: 50} that spans {route_length: 10.0 kilometers}.,"Generate, a, flat, and, easy, running, route, from, hasycamore, 4, to, arthur, ruppin, street, 50, that, spans, 10.0, kilometers, .","O, O, B-difficulty, I-difficulty, I-difficulty, O, O, O, B-start_location, B-loca_start_num, O, B-end_location, I-end_location, I-end_location, B-loca_end_num, O, O, B-route_length, I-route_length, O"
"Coffee shop at the end please, {route_length: 15-20 km} route from {start_location: sand dune} {loca_start_num: 24}","Coffee, shop, at, the, end, please,, 15-20, km, route, from, sand, dune, 24","O, O, O, O, O, O, B-route_length, I-route_length, O, O, B-start_location, I-start_location, B-loca_start_num"
run starting {start_location: tel dan street} {loca_start_num: 51},"run, starting, tel, dan, street, 51","O, O, B-start_location, I-start_location, I-start_location, B-loca_start_num"
Taking a different route today from {start_location: hasumsum} {loca_start_num: 70},"Taking, a, different, route, today, from, hasumsum, 70","O, O, O, O, O, O, B-start_location, B-loca_start_num"
Suggest a {difficulty: difficult but rewarding} route that begins at {start_location: batsheva} {loca_start_num: 14}.,"Suggest, a, difficult, but, rewarding, route, that, begins, at, batsheva, 14, .","O, O, B-difficulty, I-difficulty, I-difficulty, O, O, O, O, B-start_location, B-loca_start_num, O"
Where should I run today?,"Where, should, I, run, today?","O, O, O, O, O"
Hey! I'm training for a marathon and need a {difficulty: medium} route that's about {route_length: 16 km},"Hey!, I'm, training, for, a, marathon, and, need, a, medium, route, that's, about, 16, km","O, O, O, O, O, O, O, O, O, B-difficulty, O, O, O, B-route_length, I-route_length"
newbie here want {difficulty: very hard} route {route_length: short} start {start_location: chain} {loca_start_num: 65} end {end_location: hadov street} {loca_end_num: 77},"newbie, here, want, very, hard, route, short, start, chain, 65, end, hadov, street, 77","O, O, O, B-difficulty, I-difficulty, O, B-route_length, O, B-start_location, B-loca_start_num, O, B-end_location, I-end_location, B-loca_end_num"
Need a recovery route around {route_length: 16.5 km} near {start_location: neve tzedek street} {loca_start_num: 73},"Need, a, recovery, route, around, 16.5, km, near, neve, tzedek, street, 73","O, O, O, O, O, B-route_length, I-route_length, O, B-start_location, I-start_location, I-start_location, B-loca_start_num"
{difficulty: hard} path from {start_location: bauhaus},"hard, path, from, bauhaus","B-difficulty, O, O, B-start_location"
need {route_length: 18.0 km} easy route,"need, 18.0, km, easy, route","O, B-route_length, I-route_length, O, O"
help plan my first 5k route,"help, plan, my, first, 5k, route","O, O, O, O, O, O"
help me plan my run,"help, me, plan, my, run","O, O, O, O, O"
planning my morning exercise need suggestions,"planning, my, morning, exercise, need, suggestions","O, O, O, O, O, O"
Prepping for race day from {start_location: weizmann street} {loca_start_num: 19},"Prepping, for, race, day, from, weizmann, street, 19","O, O, O, O, O, B-start_location, I-start_location, B-loca_start_num"
Group run starting at {start_location: jezreel} {loca_start_num: 16},"Group, run, starting, at, jezreel, 16","O, O, O, O, B-start_location, B-loca_start_num"
need route for evening run,"need, route, for, evening, run","O, O, O, O, O"
Need some hills in my run from {start_location: beit lessin street} {loca_start_num: 77},"Need, some, hills, in, my, run, from, beit, lessin, street, 77","O, O, O, O, O, O, O, B-start_location, I-start_location, I-start_location, B-loca_start_num"
"plan my run from {start_location: sokolov street} {loca_start_num: 46} to {end_location: yad harutzim} {loca_end_num: 79}, {route_length: 500 meters}","plan, my, run, from, sokolov, street, 46, to, yad, harutzim, 79, ,, 500, meters","O, O, O, O, B-start_location, I-start_location, B-loca_start_num, O, B-end_location, I-end_location, B-loca_end_num, O, B-route_length, I-route_length"
Plan a {difficulty: medium} run starting from {start_location: ben yehuda} {loca_start_num: 26}.,"Plan, a, medium, run, starting, from, ben, yehuda, 26, .","O, O, B-difficulty, O, O, O, B-start_location, I-start_location, B-loca_start_num, O"
Please plan a {difficulty: difficult but rewarding} run that starts at {start_location: beit hakerem street} {loca_start_num: 92} and ends at {end_location: balfour street} {loca_end_num: 44} with a total distance of {route_length: 20.0 km}.,"Please, plan, a, difficult, but, rewarding, run, that, starts, at, beit, hakerem, street, 92, and, ends, at, balfour, street, 44, with, a, total, distance, of, 20.0, km, .","O, O, O, B-difficulty, I-difficulty, I-difficulty, O, O, O, O, B-start_location, I-start_location, I-start_location, B-loca_start_num, O, O, O, B-end_location, I-end_location, B-loca_end_num, O, O, O, O, O, B-route_length, I-route_length, O"
looking for {difficulty: not hard} running path {route_length: 9.5 km} from {start_location: acre} {loca_start_num: 86} to {end_location: innovation district street} {loca_end_num: 53},"looking, for, not, hard, running, path, 9.5, km, from, acre, 86, to, innovation, district, street, 53","O, O, B-difficulty, I-difficulty, O, O, B-route_length, I-route_length, O, B-start_location, B-loca_start_num, O, B-end_location, I-end_location, I-end_location, B-loca_end_num"
im training for marathon need hard route,"im, training, for, marathon, need, hard, route","O, O, O, O, O, O, O"
"I want to run from {start_location: hannah zemer street} {loca_start_num: 7} to {end_location: rachel imenu} {loca_end_num: 70}, need {route_length: 19.0 km} {difficulty: intense} route","I, want, to, run, from, hannah, zemer, street, 7, to, rachel, imenu, 70, ,, need, 19.0, km, intense, route","O, O, O, O, O, B-start_location, I-start_location, I-start_location, B-loca_start_num, O, B-end_location, I-end_location, B-loca_end_num, O, O, B-route_length, I-route_length, B-difficulty, O"
where to run {route_length: 2.5 km}?,"where, to, run, 2.5, km, ?","O, O, O, B-route_length, I-route_length, O"
"Brutal heat today, need a shady {route_length: 20.0 kilometers} route from {start_location: eliyahu hanavi} {loca_start_num: 55}","Brutal, heat, today,, need, a, shady, 20.0, kilometers, route, from, eliyahu, hanavi, 55","O, O, O, O, O, O, B-route_length, I-route_length, O, O, B-start_location, I-start_location, B-loca_start_num"
looking for peaceful running route,"looking, for, peaceful, running, route","O, O, O, O, O"
Bout to head out from {start_location: hasumsum street} {loca_start_num: 26},"Bout, to, head, out, from, hasumsum, street, 26","O, O, O, O, O, B-start_location, I-start_location, B-loca_start_num"
staying near {start_location: beit hakerem street} need running route,"staying, near, beit, hakerem, street, need, running, route","O, O, B-start_location, I-start_location, I-start_location, O, O, O"
{start_location: nordau boulevard} {loca_start_num: 79} to {end_location: hebrew university},"nordau, boulevard, 79, to, hebrew, university","B-start_location, I-start_location, B-loca_start_num, O, B-end_location, I-end_location"
I want a {difficulty: easy} route that goes from {start_location: mayim} {loca_start_num: 45} to {end_location: ahad ha'am} {loca_end_num: 91} and spans {route_length: 3 kilometers}.,"I, want, a, easy, route, that, goes, from, mayim, 45, to, ahad, ha'am, 91, and, spans, 3, kilometers, .","O, O, O, B-difficulty, O, O, O, O, B-start_location, B-loca_start_num, O, B-end_location, I-end_location, B-loca_end_num, O, O, B-route_length, I-route_length, O"
where do people usually run in morning?,"where, do, people, usually, run, in, morning?","O, O, O, O, O, O, O"
need {route_length: 4.0 km} {difficulty: slightly challenging} path,"need, 4.0, km, slightly, challenging, path","O, B-route_length, I-route_length, B-difficulty, I-difficulty, O"
from {start_location: susya street} {loca_start_num: 42} need {difficulty: slightly challenging} path,"from, susya, street, 42, need, slightly, challenging, path","O, B-start_location, I-start_location, B-loca_start_num, O, B-difficulty, I-difficulty, O"
"Half marathon prep, looking for a {difficulty: not hard} {route_length: 15.5 km} from {start_location: miriam haneviah} {loca_start_num: 70}","Half, marathon, prep,, looking, for, a, not, hard, 15.5, km, from, miriam, haneviah, 70","O, O, O, O, O, O, B-difficulty, I-difficulty, B-route_length, I-route_length, O, B-start_location, I-start_location, B-loca_start_num"
"Beach run vibes today, got a {route_length: 2.5 km} route near {start_location: batsheva} {loca_start_num: 34}?","Beach, run, vibes, today,, got, a, 2.5, km, route, near, batsheva, 34, ?","O, O, O, O, O, O, B-route_length, I-route_length, O, O, B-start_location, B-loca_start_num, O"
{difficulty: medium} {route_length: 9.5 kilometers} from {start_location: rafael eitan street} {loca_start_num: 90} to {end_location: agricultural station} {loca_end_num: 72},"medium, 9.5, kilometers, from, rafael, eitan, street, 90, to, agricultural, station, 72","B-difficulty, B-route_length, I-route_length, O, B-start_location, I-start_location, I-start_location, B-loca_start_num, O, B-end_location, I-end_location, B-loca_end_num"
"{start_location: naomi shemer} {loca_start_num: 56} to {end_location: shimshon street} {loca_end_num: 20}, {difficulty: moderate effort} {route_length: ultra marathon length}","naomi, shemer, 56, to, shimshon, street, 20, ,, moderate, effort, ultra, marathon, length","B-start_location, I-start_location, B-loca_start_num, O, B-end_location, I-end_location, B-loca_end_num, O, B-difficulty, I-difficulty, B-route_length, I-route_length, I-route_length"
"Easy day today, need a chill {route_length: 12.5 kilometers} route from {start_location: templar street} {loca_start_num: 80}","Easy, day, today,, need, a, chill, 12.5, kilometers, route, from, templar, street, 80","O, O, O, O, O, O, B-route_length, I-route_length, O, O, B-start_location, I-start_location, B-loca_start_num"
"{start_location: agricultural station street} {loca_start_num: 62} to {end_location: ein harod} {loca_end_num: 64}, make it {difficulty: very hard}","agricultural, station, street, 62, to, ein, harod, 64, ,, make, it, very, hard","B-start_location, I-start_location, I-start_location, B-loca_start_num, O, B-end_location, I-end_location, B-loca_end_num, O, O, O, B-difficulty, I-difficulty"
recommend running route please,"recommend, running, route, please","O, O, O, O"
can u make {difficulty: medium} route from {start_location: firewall},"can, u, make, medium, route, from, firewall","O, O, O, B-difficulty, O, O, B-start_location"
to {end_location: sukkot} {loca_end_num: 16} please,"to, sukkot, 16, please","O, B-end_location, B-loca_end_num, O"
Group run starting at {start_location: mamilla} {loca_start_num: 9},"Group, run, starting, at, mamilla, 9","O, O, O, O, B-start_location, B-loca_start_num"
Taking it easy today from {start_location: yemen street} {loca_start_num: 33},"Taking, it, easy, today, from, yemen, street, 33","O, O, O, O, O, B-start_location, I-start_location, B-loca_start_num"
"Need a route with water fountains, about {route_length: 9 kilometers} from {start_location: malkhei yisrael street} {loca_start_num: 17}","Need, a, route, with, water, fountains,, about, 9, kilometers, from, malkhei, yisrael, street, 17","O, O, O, O, O, O, O, B-route_length, I-route_length, O, B-start_location, I-start_location, I-start_location, B-loca_start_num"
Quick lunch run route near {start_location: revival} {loca_start_num: 80}?,"Quick, lunch, run, route, near, revival, 80, ?","O, O, O, O, O, B-start_location, B-loca_start_num, O"
{route_length: 15.0 kilometers} {difficulty: difficult but rewarding} track needed,"15.0, kilometers, difficult, but, rewarding, track, needed","B-route_length, I-route_length, B-difficulty, I-difficulty, I-difficulty, O, O"
Planning my weekend fitness routine and need a nice {route_length: 3.0 km} path with some interesting city views,"Planning, my, weekend, fitness, routine, and, need, a, nice, 3.0, km, path, with, some, interesting, city, views","O, O, O, O, O, O, O, O, O, B-route_length, I-route_length, O, O, O, O, O, O"
{route_length: 12.0 km} {difficulty: slightly challenging} path please,"12.0, km, slightly, challenging, path, please","B-route_length, I-route_length, B-difficulty, I-difficulty, O, O"
"Midnight runner here, safe {route_length: 2.5 kilometers} route from {start_location: usb street} {loca_start_num: 2}?","Midnight, runner, here,, safe, 2.5, kilometers, route, from, usb, street, 2, ?","O, O, O, O, B-route_length, I-route_length, O, O, B-start_location, I-start_location, B-loca_start_num, O"
where should i start my run?,"where, should, i, start, my, run?","O, O, O, O, O, O"
Hey! I'm training for a marathon and need a {difficulty: very hard} route that's about {route_length: 18.0 kilometers},"Hey!, I'm, training, for, a, marathon, and, need, a, very, hard, route, that's, about, 18.0, kilometers","O, O, O, O, O, O, O, O, O, B-difficulty, I-difficulty, O, O, O, B-route_length, I-route_length"
Bout to head out from {start_location: yehuda leib pinsker street} {loca_start_num: 52},"Bout, to, head, out, from, yehuda, leib, pinsker, street, 52","O, O, O, O, O, B-start_location, I-start_location, I-start_location, I-start_location, B-loca_start_num"
"Lunch break run, got 45 mins starting at {start_location: yemin moshe} {loca_start_num: 59}","Lunch, break, run,, got, 45, mins, starting, at, yemin, moshe, 59","O, O, O, O, O, O, O, O, B-start_location, I-start_location, B-loca_start_num"
Need a shaded route from {start_location: alfasi street} {loca_start_num: 100},"Need, a, shaded, route, from, alfasi, street, 100","O, O, O, O, O, B-start_location, I-start_location, B-loca_start_num"
good running route for tourists?,"good, running, route, for, tourists?","O, O, O, O, O"
"Late night run, need a safe {route_length: over 20 km} route from {start_location: david} {loca_start_num: 80}","Late, night, run,, need, a, safe, over, 20, km, route, from, david, 80","O, O, O, O, O, O, B-route_length, I-route_length, I-route_length, O, O, B-start_location, B-loca_start_num"
tourist needs running recommendations,"tourist, needs, running, recommendations","O, O, O, O"
"Sick of my usual path, show me a {route_length: 6 km} route from {start_location: reuven rubin street} {loca_start_num: 65}","Sick, of, my, usual, path,, show, me, a, 6, km, route, from, reuven, rubin, street, 65","O, O, O, O, O, O, O, O, B-route_length, I-route_length, O, O, B-start_location, I-start_location, I-start_location, B-loca_start_num"
"Time trial day, need a flat {route_length: 750 meters} route from {start_location: acacia valley} {loca_start_num: 41}","Time, trial, day,, need, a, flat, 750, meters, route, from, acacia, valley, 41","O, O, O, O, O, O, B-route_length, I-route_length, O, O, B-start_location, I-start_location, B-loca_start_num"
"Post race recovery run, something easy near {start_location: this location}","Post, race, recovery, run,, something, easy, near, this, location","O, O, O, O, O, O, O, B-start_location, I-start_location"
"Building endurance, show me a {difficulty: very easy} {route_length: very long} route starting {start_location: hakumin street} {loca_start_num: 29}","Building, endurance,, show, me, a, very, easy, very, long, route, starting, hakumin, street, 29","O, O, O, O, O, B-difficulty, I-difficulty, B-route_length, I-route_length, O, O, B-start_location, I-start_location, B-loca_start_num"
need pro level {difficulty: somewhat tough} course {route_length: 10.0 kilometers} from {start_location: purim street} {loca_start_num: 94} to {end_location: keren hayesod street} {loca_end_num: 53},"need, pro, level, somewhat, tough, course, 10.0, kilometers, from, purim, street, 94, to, keren, hayesod, street, 53","O, O, O, B-difficulty, I-difficulty, O, B-route_length, I-route_length, O, B-start_location, I-start_location, B-loca_start_num, O, B-end_location, I-end_location, I-end_location, B-loca_end_num"
tourist here want {difficulty: flat and easy} route {route_length: 10 kilometers} begin {start_location: arava street} {loca_start_num: 49} end {end_location: alice miller} {loca_end_num: 40},"tourist, here, want, flat, and, easy, route, 10, kilometers, begin, arava, street, 49, end, alice, miller, 40","O, O, O, B-difficulty, I-difficulty, I-difficulty, O, B-route_length, I-route_length, O, B-start_location, I-start_location, B-loca_start_num, O, B-end_location, I-end_location, B-loca_end_num"
Prepping for race day from {start_location: golan} {loca_start_num: 37},"Prepping, for, race, day, from, golan, 37","O, O, O, O, O, B-start_location, B-loca_start_num"
good running track for photography,"good, running, track, for, photography","O, O, O, O, O"
pls make running route {difficulty: not hard} about {route_length: 12.5 km} starting {start_location: berl katznelson street} {loca_start_num: 61} ending {end_location: cyber} {loca_end_num: 12},"pls, make, running, route, not, hard, about, 12.5, km, starting, berl, katznelson, street, 61, ending, cyber, 12","O, O, O, O, B-difficulty, I-difficulty, O, B-route_length, I-route_length, O, B-start_location, I-start_location, I-start_location, B-loca_start_num, O, B-end_location, B-loca_end_num"
Got an hour to kill - what's a good {route_length: 6.5 km} route near {start_location: this point}?,"Got, an, hour, to, kill, -, what's, a, good, 6.5, km, route, near, this, point, ?","O, O, O, O, O, O, O, O, O, B-route_length, I-route_length, O, O, B-start_location, I-start_location, O"
{route_length: 17 kilometers} {difficulty: somewhat tough} track needed,"17, kilometers, somewhat, tough, track, needed","B-route_length, I-route_length, B-difficulty, I-difficulty, O, O"
"{start_location: this neighborhood} to {end_location: king david} {loca_end_num: 46}, {difficulty: challenging} please","this, neighborhood, to, king, david, 46, ,, challenging, please","B-start_location, I-start_location, O, B-end_location, I-end_location, B-loca_end_num, O, B-difficulty, O"
Doing a quick lunch run from {start_location: bet alpha} {loca_start_num: 8},"Doing, a, quick, lunch, run, from, bet, alpha, 8","O, O, O, O, O, O, B-start_location, I-start_location, B-loca_start_num"
"Want to run past {end_location: hazayit street} {loca_end_num: 64}, maybe {route_length: 10.0 kilometers} total?","Want, to, run, past, hazayit, street, 64, ,, maybe, 10.0, kilometers, total?","O, O, O, O, B-end_location, I-end_location, B-loca_end_num, O, O, B-route_length, I-route_length, O"
{start_location: talpiot street} to {end_location: german colony street} run,"talpiot, street, to, german, colony, street, run","B-start_location, I-start_location, O, B-end_location, I-end_location, I-end_location, O"
running path recommendation,"running, path, recommendation","O, O, O"
"Could you suggest a {difficulty: extreme difficulty} running route between {start_location: bethlehem road} {loca_start_num: 95} and {end_location: strauss street} {loca_end_num: 45}, covering {route_length: 10 kilometers}?","Could, you, suggest, a, extreme, difficulty, running, route, between, bethlehem, road, 95, and, strauss, street, 45, ,, covering, 10, kilometers, ?","O, O, O, O, B-difficulty, I-difficulty, O, O, O, B-start_location, I-start_location, B-loca_start_num, O, B-end_location, I-end_location, B-loca_end_num, O, O, B-route_length, I-route_length, O"
Help me find a {difficulty: easy} route that starts from {start_location: dan street} {loca_start_num: 46} and finishes at {end_location: moshe sharett} {loca_end_num: 67} with a distance of {route_length: 700 meters}.,"Help, me, find, a, easy, route, that, starts, from, dan, street, 46, and, finishes, at, moshe, sharett, 67, with, a, distance, of, 700, meters, .","O, O, O, O, B-difficulty, O, O, O, O, B-start_location, I-start_location, B-loca_start_num, O, O, O, B-end_location, I-end_location, B-loca_end_num, O, O, O, O, B-route_length, I-route_length, O"
Plan a {difficulty: intense} route ending at {end_location: henrietta szold} {loca_end_num: 72}.,"Plan, a, intense, route, ending, at, henrietta, szold, 72, .","O, O, B-difficulty, O, O, O, B-end_location, I-end_location, B-loca_end_num, O"
"{start_location: hazaatar} {loca_start_num: 27} to {end_location: airport city} {loca_end_num: 72}, {difficulty: intense} {route_length: 18 km} please and thank you!","hazaatar, 27, to, airport, city, 72, ,, intense, 18, km, please, and, thank, you!","B-start_location, B-loca_start_num, O, B-end_location, I-end_location, B-loca_end_num, O, B-difficulty, B-route_length, I-route_length, O, O, O, O"
Looking for a nice {difficulty: very hard} path from {start_location: hamelech street} {loca_start_num: 23} that's good for elderly people,"Looking, for, a, nice, very, hard, path, from, hamelech, street, 23, that's, good, for, elderly, people","O, O, O, O, B-difficulty, I-difficulty, O, O, B-start_location, I-start_location, B-loca_start_num, O, O, O, O, O"
Looking for a scenic {route_length: 19 km} from {start_location: ibn gabirol street} {loca_start_num: 56},"Looking, for, a, scenic, 19, km, from, ibn, gabirol, street, 56","O, O, O, O, B-route_length, I-route_length, O, B-start_location, I-start_location, I-start_location, B-loca_start_num"
something {difficulty: hard} around {route_length: 250 meters},"something, hard, around, 250, meters","O, B-difficulty, O, B-route_length, I-route_length"
"Sick of my usual path, show me a {route_length: 700 meters} route from {start_location: usb street} {loca_start_num: 63}","Sick, of, my, usual, path,, show, me, a, 700, meters, route, from, usb, street, 63","O, O, O, O, O, O, O, O, B-route_length, I-route_length, O, O, B-start_location, I-start_location, B-loca_start_num"
{route_length: 12.0 kilometers} {difficulty: flat and easy} route from {start_location: light rail street} {loca_start_num: 39} to {end_location: tel dan} {loca_end_num: 60},"12.0, kilometers, flat, and, easy, route, from, light, rail, street, 39, to, tel, dan, 60","B-route_length, I-route_length, B-difficulty, I-difficulty, I-difficulty, O, O, B-start_location, I-start_location, I-start_location, B-loca_start_num, O, B-end_location, I-end_location, B-loca_end_num"
Need a quick running route,"Need, a, quick, running, route","O, O, O, O, O"
First time running in this area,"First, time, running, in, this, area","O, O, O, O, O, O"
make me {difficulty: flat and easy} route please,"make, me, flat, and, easy, route, please","O, O, B-difficulty, I-difficulty, I-difficulty, O, O"
tourist here - need help finding good running spots!,"tourist, here, -, need, help, finding, good, running, spots!","O, O, O, O, O, O, O, O, O"
recommend safe running route,"recommend, safe, running, route","O, O, O, O"
Looking for some hill training - {difficulty: extreme difficulty} route around {route_length: 13.5 km} from {start_location: yitzhak kariv} {loca_start_num: 33},"Looking, for, some, hill, training, -, extreme, difficulty, route, around, 13.5, km, from, yitzhak, kariv, 33","O, O, O, O, O, O, B-difficulty, I-difficulty, O, O, B-route_length, I-route_length, O, B-start_location, I-start_location, B-loca_start_num"
Plan a route of {route_length: 14.0 kilometers}.,"Plan, a, route, of, 14.0, kilometers, .","O, O, O, O, B-route_length, I-route_length, O"
"Time trial day, need a flat {route_length: 17 km} route from {start_location: mickey marcus} {loca_start_num: 56}","Time, trial, day,, need, a, flat, 17, km, route, from, mickey, marcus, 56","O, O, O, O, O, O, B-route_length, I-route_length, O, O, B-start_location, I-start_location, B-loca_start_num"
Can you suggest a running route?,"Can, you, suggest, a, running, route?","O, O, O, O, O, O"
advanced runner want {difficulty: slightly challenging} course {route_length: ultra marathon length} beginning {start_location: yehudi menuhin} {loca_start_num: 17} end at {end_location: yehuda leib pinsker} {loca_end_num: 98},"advanced, runner, want, slightly, challenging, course, ultra, marathon, length, beginning, yehudi, menuhin, 17, end, at, yehuda, leib, pinsker, 98","O, O, O, B-difficulty, I-difficulty, O, B-route_length, I-route_length, I-route_length, O, B-start_location, I-start_location, B-loca_start_num, O, O, B-end_location, I-end_location, I-end_location, B-loca_end_num"
"I need a {difficulty: slightly challenging} run starting at {start_location: haim laskov street} {loca_start_num: 87}, heading to {end_location: ha-nevi'im} {loca_end_num: 19}, and covering {route_length: long distance}.","I, need, a, slightly, challenging, run, starting, at, haim, laskov, street, 87, ,, heading, to, ha-nevi'im, 19, ,, and, covering, long, distance, .","O, O, O, B-difficulty, I-difficulty, O, O, O, B-start_location, I-start_location, I-start_location, B-loca_start_num, O, O, O, B-end_location, B-loca_end_num, O, O, O, B-route_length, I-route_length, O"
where should i run today?,"where, should, i, run, today?","O, O, O, O, O"
need {route_length: 10 km} track,"need, 10, km, track","O, B-route_length, I-route_length, O"
"Hey, I'm staying near {start_location: derech aza} {loca_start_num: 66} and would love a {difficulty: challenging} morning running route to {end_location: ramban} {loca_end_num: 85}","Hey,, I'm, staying, near, derech, aza, 66, and, would, love, a, challenging, morning, running, route, to, ramban, 85","O, O, O, O, B-start_location, I-start_location, B-loca_start_num, O, O, O, O, B-difficulty, O, O, O, O, B-end_location, B-loca_end_num"
"{start_location: jaffa street} {loca_start_num: 97} to {end_location: shazar} {loca_end_num: 56}, make it {difficulty: flat and easy}","jaffa, street, 97, to, shazar, 56, ,, make, it, flat, and, easy","B-start_location, I-start_location, B-loca_start_num, O, B-end_location, B-loca_end_num, O, O, O, B-difficulty, I-difficulty, I-difficulty"
Tempo run from {start_location: weizmann street} {loca_start_num: 75},"Tempo, run, from, weizmann, street, 75","O, O, O, B-start_location, I-start_location, B-loca_start_num"
plan me something {difficulty: somewhat tough} around {route_length: over 20 km},"plan, me, something, somewhat, tough, around, over, 20, km","O, O, O, B-difficulty, I-difficulty, O, B-route_length, I-route_length, I-route_length"
Create a {difficulty: very hard} route that covers {route_length: 18.0 km}.,"Create, a, very, hard, route, that, covers, 18.0, km, .","O, O, B-difficulty, I-difficulty, O, O, O, B-route_length, I-route_length, O"
{start_location: emek refaim street} {loca_start_num: 66} to {end_location: hasycamore street},"emek, refaim, street, 66, to, hasycamore, street","B-start_location, I-start_location, I-start_location, B-loca_start_num, O, B-end_location, I-end_location"
Can you create a {difficulty: very easy} route that begins at {start_location: herzl street} {loca_start_num: 94} and finishes at {end_location: my coordinates} with a distance of {route_length: 5.5 km}?,"Can, you, create, a, very, easy, route, that, begins, at, herzl, street, 94, and, finishes, at, my, coordinates, with, a, distance, of, 5.5, km, ?","O, O, O, O, B-difficulty, I-difficulty, O, O, O, O, B-start_location, I-start_location, B-loca_start_num, O, O, O, B-end_location, I-end_location, O, O, O, O, B-route_length, I-route_length, O"
Need a sunset route around {route_length: 16.5 kilometers} from {start_location: desert spring street} {loca_start_num: 84},"Need, a, sunset, route, around, 16.5, kilometers, from, desert, spring, street, 84","O, O, O, O, O, B-route_length, I-route_length, O, B-start_location, I-start_location, I-start_location, B-loca_start_num"
{route_length: 18.5 kilometers} {difficulty: somewhat tough} track needed,"18.5, kilometers, somewhat, tough, track, needed","B-route_length, I-route_length, B-difficulty, I-difficulty, O, O"
Need inspo for my {route_length: 19.5 kilometers} run starting at {start_location: strauss} {loca_start_num: 34},"Need, inspo, for, my, 19.5, kilometers, run, starting, at, strauss, 34","O, O, O, O, B-route_length, I-route_length, O, O, O, B-start_location, B-loca_start_num"
recommend safe running areas please,"recommend, safe, running, areas, please","O, O, O, O, O"
start from {start_location: hasycamore} {loca_start_num: 79} to {end_location: shlomo zalman shragai street},"start, from, hasycamore, 79, to, shlomo, zalman, shragai, street","O, O, B-start_location, B-loca_start_num, O, B-end_location, I-end_location, I-end_location, I-end_location"
Taking the stroller today from {start_location: king solomon street} {loca_start_num: 86},"Taking, the, stroller, today, from, king, solomon, street, 86","O, O, O, O, O, B-start_location, I-start_location, I-start_location, B-loca_start_num"
{difficulty: medium} {route_length: 13.5 kilometers} from {start_location: light rail street} {loca_start_num: 93} to {end_location: bukhara street} {loca_end_num: 62},"medium, 13.5, kilometers, from, light, rail, street, 93, to, bukhara, street, 62","B-difficulty, B-route_length, I-route_length, O, B-start_location, I-start_location, I-start_location, B-loca_start_num, O, B-end_location, I-end_location, B-loca_end_num"
need {route_length: 9.5 km} track,"need, 9.5, km, track","O, B-route_length, I-route_length, O"
help plan my morning exercise,"help, plan, my, morning, exercise","O, O, O, O, O"
{difficulty: flat and easy} path from {start_location: nearby},"flat, and, easy, path, from, nearby","B-difficulty, I-difficulty, I-difficulty, O, O, B-start_location"
Running with my dog from {start_location: linoy ashram} {loca_start_num: 79},"Running, with, my, dog, from, linoy, ashram, 79","O, O, O, O, O, B-start_location, I-start_location, B-loca_start_num"
need running recommendations near the beach,"need, running, recommendations, near, the, beach","O, O, O, O, O, O"
Speed work route needed - {difficulty: intense} {route_length: 14.5 km} with good straightaways,"Speed, work, route, needed, -, intense, 14.5, km, with, good, straightaways","O, O, O, O, O, B-difficulty, B-route_length, I-route_length, O, O, O"
Where should I run today?,"Where, should, I, run, today?","O, O, O, O, O"
need {route_length: 6 kilometers} path near the water,"need, 6, kilometers, path, near, the, water","O, B-route_length, I-route_length, O, O, O, O"
"Early bird run, show me a {route_length: 19.5 km} route near {start_location: ha-nevi'im} {loca_start_num: 13}","Early, bird, run,, show, me, a, 19.5, km, route, near, ha-nevi'im, 13","O, O, O, O, O, O, B-route_length, I-route_length, O, O, B-start_location, B-loca_start_num"
{route_length: 2 kilometers} {difficulty: flat and easy} track needed,"2, kilometers, flat, and, easy, track, needed","B-route_length, I-route_length, B-difficulty, I-difficulty, I-difficulty, O, O"
Please generate a route for running.,"Please, generate, a, route, for, running.","O, O, O, O, O, O"
{difficulty: very hard} path to {end_location: rabbi akiva} {loca_end_num: 16},"very, hard, path, to, rabbi, akiva, 16","B-difficulty, I-difficulty, O, O, B-end_location, I-end_location, B-loca_end_num"
need route for tomorrow morning run,"need, route, for, tomorrow, morning, run","O, O, O, O, O, O"
hi can u make me a {difficulty: flat and easy} route?,"hi, can, u, make, me, a, flat, and, easy, route?","O, O, O, O, O, O, B-difficulty, I-difficulty, I-difficulty, O"
best places to run here?,"best, places, to, run, here?","O, O, O, O, O"
"Plan a route from {start_location: peace} {loca_start_num: 46}, and make it {route_length: over 20 km}.","Plan, a, route, from, peace, 46, ,, and, make, it, over, 20, km, .","O, O, O, O, B-start_location, B-loca_start_num, O, O, O, O, B-route_length, I-route_length, I-route_length, O"
"{start_location: ein gedi} {loca_start_num: 57} to {end_location: pierre koenig} {loca_end_num: 36}, {route_length: 7.0 km} {difficulty: intense}","ein, gedi, 57, to, pierre, koenig, 36, ,, 7.0, km, intense","B-start_location, I-start_location, B-loca_start_num, O, B-end_location, I-end_location, B-loca_end_num, O, B-route_length, I-route_length, B-difficulty"
{start_location: hagalil} {loca_start_num: 30} to {end_location: king david street},"hagalil, 30, to, king, david, street","B-start_location, B-loca_start_num, O, B-end_location, I-end_location, I-end_location"
{route_length: 6.0 kilometers} track with good scenery,"6.0, kilometers, track, with, good, scenery","B-route_length, I-route_length, O, O, O, O"
Best running spots around {start_location: bar ilan street} {loca_start_num: 71}?,"Best, running, spots, around, bar, ilan, street, 71, ?","O, O, O, O, B-start_location, I-start_location, I-start_location, B-loca_start_num, O"
can u make {difficulty: easy} route from {start_location: menashe},"can, u, make, easy, route, from, menashe","O, O, O, B-difficulty, O, O, B-start_location"
need {difficulty: challenging} jogging route {route_length: 5-10 km} starting {start_location: even gvirol street} {loca_start_num: 51} finish at {end_location: zivia lubetkin street} {loca_end_num: 4},"need, challenging, jogging, route, 5-10, km, starting, even, gvirol, street, 51, finish, at, zivia, lubetkin, street, 4","O, B-difficulty, O, O, B-route_length, I-route_length, O, B-start_location, I-start_location, I-start_location, B-loca_start_num, O, O, B-end_location, I-end_location, I-end_location, B-loca_end_num"
"Looking for an after-work route, maybe {route_length: 17.5 kilometers} from {start_location: king solomon} {loca_start_num: 43}","Looking, for, an, after-work, route,, maybe, 17.5, kilometers, from, king, solomon, 43","O, O, O, O, O, O, B-route_length, I-route_length, O, B-start_location, I-start_location, B-loca_start_num"
{start_location: purim street} {loca_start_num: 57} to {end_location: sderot levi eshkol},"purim, street, 57, to, sderot, levi, eshkol","B-start_location, I-start_location, B-loca_start_num, O, B-end_location, I-end_location, I-end_location"
"Need some hills in my life, {route_length: 16 kilometers} route from {start_location: sharon} {loca_start_num: 64}?","Need, some, hills, in, my, life,, 16, kilometers, route, from, sharon, 64, ?","O, O, O, O, O, O, B-route_length, I-route_length, O, O, B-start_location, B-loca_start_num, O"
"Need a route with water fountains, about {route_length: 1 km} from {start_location: moshe dayan boulevard} {loca_start_num: 92}","Need, a, route, with, water, fountains,, about, 1, km, from, moshe, dayan, boulevard, 92","O, O, O, O, O, O, O, B-route_length, I-route_length, O, B-start_location, I-start_location, I-start_location, B-loca_start_num"
Need a pre work route around {route_length: 18.0 kilometers} starting at {start_location: bezalel street} {loca_start_num: 94},"Need, a, pre, work, route, around, 18.0, kilometers, starting, at, bezalel, street, 94","O, O, O, O, O, O, B-route_length, I-route_length, O, O, B-start_location, I-start_location, B-loca_start_num"
{route_length: 4.5 kilometers} {difficulty: difficult but rewarding} path please,"4.5, kilometers, difficult, but, rewarding, path, please","B-route_length, I-route_length, B-difficulty, I-difficulty, I-difficulty, O, O"
Please plan a {difficulty: not hard} run that starts at {start_location: pinsker} {loca_start_num: 61} and ends at {end_location: allenby road} {loca_end_num: 95} with a total distance of {route_length: 19.5 kilometers}.,"Please, plan, a, not, hard, run, that, starts, at, pinsker, 61, and, ends, at, allenby, road, 95, with, a, total, distance, of, 19.5, kilometers, .","O, O, O, B-difficulty, I-difficulty, O, O, O, O, B-start_location, B-loca_start_num, O, O, O, B-end_location, I-end_location, B-loca_end_num, O, O, O, O, O, B-route_length, I-route_length, O"
Where can I run near {start_location: sderot harav herzog} {loca_start_num: 49}?,"Where, can, I, run, near, sderot, harav, herzog, 49, ?","O, O, O, O, O, B-start_location, I-start_location, I-start_location, B-loca_start_num, O"
"Lunch break run, got 45 mins starting at {start_location: schocken} {loca_start_num: 81}","Lunch, break, run,, got, 45, mins, starting, at, schocken, 81","O, O, O, O, O, O, O, O, B-start_location, B-loca_start_num"
good running track for photography,"good, running, track, for, photography","O, O, O, O, O"
Yo need a route from {start_location: hapalmach street} {loca_start_num: 87},"Yo, need, a, route, from, hapalmach, street, 87","O, O, O, O, O, B-start_location, I-start_location, B-loca_start_num"
"Plan a {difficulty: hard} running route that starts at {start_location: trumpeldor} {loca_start_num: 36} and ends at {end_location: my exact position}, with a length of {route_length: long}.","Plan, a, hard, running, route, that, starts, at, trumpeldor, 36, and, ends, at, my, exact, position, ,, with, a, length, of, long, .","O, O, B-difficulty, O, O, O, O, O, B-start_location, B-loca_start_num, O, O, O, B-end_location, I-end_location, I-end_location, O, O, O, O, O, B-route_length, O"
Help a runner out - need a {difficulty: hard} route from {start_location: balfour} {loca_start_num: 28},"Help, a, runner, out, -, need, a, hard, route, from, balfour, 28","O, O, O, O, O, O, O, B-difficulty, O, O, B-start_location, B-loca_start_num"
{route_length: 8.0 km} {difficulty: flat and easy} track needed,"8.0, km, flat, and, easy, track, needed","B-route_length, I-route_length, B-difficulty, I-difficulty, I-difficulty, O, O"
Looking for a scenic {route_length: 15 kilometers} route near {start_location: yosef trumpeldor street} {loca_start_num: 76},"Looking, for, a, scenic, 15, kilometers, route, near, yosef, trumpeldor, street, 76","O, O, O, O, B-route_length, I-route_length, O, O, B-start_location, I-start_location, I-start_location, B-loca_start_num"
need pro level {difficulty: very easy} course {route_length: 9.5 kilometers} from {start_location: golan} {loca_start_num: 32} to {end_location: gal fridman street} {loca_end_num: 96},"need, pro, level, very, easy, course, 9.5, kilometers, from, golan, 32, to, gal, fridman, street, 96","O, O, O, B-difficulty, I-difficulty, O, B-route_length, I-route_length, O, B-start_location, B-loca_start_num, O, B-end_location, I-end_location, I-end_location, B-loca_end_num"
Just want somewhere new to run,"Just, want, somewhere, new, to, run","O, O, O, O, O, O"
Generate a running route from {start_location: yosef trumpeldor} {loca_start_num: 58} to {end_location: maskit street} {loca_end_num: 31}.,"Generate, a, running, route, from, yosef, trumpeldor, 58, to, maskit, street, 31, .","O, O, O, O, O, B-start_location, I-start_location, B-loca_start_num, O, B-end_location, I-end_location, B-loca_end_num, O"
first time in tel aviv where should i go running?,"first, time, in, tel, aviv, where, should, i, go, running?","O, O, O, O, O, O, O, O, O, O"
Running with my dog from {start_location: ein kerem street} {loca_start_num: 7},"Running, with, my, dog, from, ein, kerem, street, 7","O, O, O, O, O, B-start_location, I-start_location, I-start_location, B-loca_start_num"
Where should I run today?,"Where, should, I, run, today?","O, O, O, O, O"
Need a route with street lights from {start_location: white city} {loca_start_num: 41},"Need, a, route, with, street, lights, from, white, city, 41","O, O, O, O, O, O, O, B-start_location, I-start_location, B-loca_start_num"
Can you create a {difficulty: slightly challenging} run to {end_location: agripas} {loca_end_num: 22}?,"Can, you, create, a, slightly, challenging, run, to, agripas, 22, ?","O, O, O, O, B-difficulty, I-difficulty, O, O, B-end_location, B-loca_end_num, O"
"first time runner here, any suggestions?","first, time, runner, here,, any, suggestions?","O, O, O, O, O, O"
"plan my run from {start_location: oasis street} {loca_start_num: 28} to {end_location: jerusalem prize street} {loca_end_num: 87}, {route_length: 700 meters}","plan, my, run, from, oasis, street, 28, to, jerusalem, prize, street, 87, ,, 700, meters","O, O, O, O, B-start_location, I-start_location, B-loca_start_num, O, B-end_location, I-end_location, I-end_location, B-loca_end_num, O, B-route_length, I-route_length"
need {difficulty: challenging} morning run,"need, challenging, morning, run","O, B-difficulty, O, O"
"Leading a group run, show me a {route_length: 10.0 kilometers} route from {start_location: yitzhak sadeh} {loca_start_num: 74}","Leading, a, group, run,, show, me, a, 10.0, kilometers, route, from, yitzhak, sadeh, 74","O, O, O, O, O, O, O, B-route_length, I-route_length, O, O, B-start_location, I-start_location, B-loca_start_num"
something {difficulty: very hard} and short,"something, very, hard, and, short","O, B-difficulty, I-difficulty, O, O"
Need a short route from {start_location: shmuel hanagid} {loca_start_num: 80},"Need, a, short, route, from, shmuel, hanagid, 80","O, O, O, O, O, B-start_location, I-start_location, B-loca_start_num"
"{start_location: cafe roval street} {loca_start_num: 9} to {end_location: zalman shneur} {loca_end_num: 33}, make it {difficulty: moderate effort}","cafe, roval, street, 9, to, zalman, shneur, 33, ,, make, it, moderate, effort","B-start_location, I-start_location, I-start_location, B-loca_start_num, O, B-end_location, I-end_location, B-loca_end_num, O, O, O, B-difficulty, I-difficulty"
Getting ready for a 5k need a route,"Getting, ready, for, a, 5k, need, a, route","O, O, O, O, O, O, O, O"
need pro level {difficulty: challenging} course {route_length: 250 meters} from {start_location: yehoram gaon street} {loca_start_num: 45} to {end_location: strauss} {loca_end_num: 29},"need, pro, level, challenging, course, 250, meters, from, yehoram, gaon, street, 45, to, strauss, 29","O, O, O, B-difficulty, O, B-route_length, I-route_length, O, B-start_location, I-start_location, I-start_location, B-loca_start_num, O, B-end_location, B-loca_end_num"
need route for evening run,"need, route, for, evening, run","O, O, O, O, O"
{difficulty: flat and easy} {route_length: 14.5 kilometers} path starting {start_location: central station} {loca_start_num: 46} ending {end_location: talpiot} {loca_end_num: 75},"flat, and, easy, 14.5, kilometers, path, starting, central, station, 46, ending, talpiot, 75","B-difficulty, I-difficulty, I-difficulty, B-route_length, I-route_length, O, O, B-start_location, I-start_location, B-loca_start_num, O, B-end_location, B-loca_end_num"
Building up to {route_length: 17 kilometers} from {start_location: herod's gate} {loca_start_num: 5},"Building, up, to, 17, kilometers, from, herod's, gate, 5","O, O, O, B-route_length, I-route_length, O, B-start_location, I-start_location, B-loca_start_num"
need {difficulty: very easy} route about {route_length: 5.5 kilometers},"need, very, easy, route, about, 5.5, kilometers","O, B-difficulty, I-difficulty, O, O, B-route_length, I-route_length"
"{start_location: tal brody street} {loca_start_num: 51} to {end_location: ha-nevi'im} {loca_end_num: 6}, {difficulty: medium} {route_length: 20 km} please and thank you!","tal, brody, street, 51, to, ha-nevi'im, 6, ,, medium, 20, km, please, and, thank, you!","B-start_location, I-start_location, I-start_location, B-loca_start_num, O, B-end_location, B-loca_end_num, O, B-difficulty, B-route_length, I-route_length, O, O, O, O"
Looking to knock out a {difficulty: hard} {route_length: 8.5 kilometers} run starting near {start_location: agricultural station street} {loca_start_num: 13},"Looking, to, knock, out, a, hard, 8.5, kilometers, run, starting, near, agricultural, station, street, 13","O, O, O, O, O, B-difficulty, B-route_length, I-route_length, O, O, O, B-start_location, I-start_location, I-start_location, B-loca_start_num"
Good morning! I've just moved to Tel Aviv and I'm looking for a nice running route that shows off the best parts of the city - any suggestions?,"Good, morning!, I've, just, moved, to, Tel, Aviv, and, I'm, looking, for, a, nice, running, route, that, shows, off, the, best, parts, of, the, city, -, any, suggestions?","O, O, O, O, O, O, O, O, O, O, O, O, O, O, O, O, O, O, O, O, O, O, O, O, O, O, O, O"
Looking for a scenic route that's approximately {route_length: 2 kilometers} and {difficulty: intense} - my mom is visiting and wants to go for a walk,"Looking, for, a, scenic, route, that's, approximately, 2, kilometers, and, intense, -, my, mom, is, visiting, and, wants, to, go, for, a, walk","O, O, O, O, O, O, O, B-route_length, I-route_length, O, B-difficulty, O, O, O, O, O, O, O, O, O, O, O, O"
"Looking for a busy route for my evening run, about {route_length: 5.5 kilometers}","Looking, for, a, busy, route, for, my, evening, run,, about, 5.5, kilometers","O, O, O, O, O, O, O, O, O, O, B-route_length, I-route_length"
"Create an {difficulty: slightly challenging} run from {start_location: eilat street} {loca_start_num: 19} to {end_location: hapalmach street} {loca_end_num: 75}, which is {route_length: long distance}.","Create, an, slightly, challenging, run, from, eilat, street, 19, to, hapalmach, street, 75, ,, which, is, long, distance, .","O, O, B-difficulty, I-difficulty, O, O, B-start_location, I-start_location, B-loca_start_num, O, B-end_location, I-end_location, B-loca_end_num, O, O, O, B-route_length, I-route_length, O"
"Hey there, I'm looking for a {difficulty: extreme difficulty} running route that starts from {start_location: rachel hameshoreret street} {loca_start_num: 32} and goes all the way to {end_location: independence} {loca_end_num: 50}, something around {route_length: 900 meters} would be perfect","Hey, there,, I'm, looking, for, a, extreme, difficulty, running, route, that, starts, from, rachel, hameshoreret, street, 32, and, goes, all, the, way, to, independence, 50, ,, something, around, 900, meters, would, be, perfect","O, O, O, O, O, O, B-difficulty, I-difficulty, O, O, O, O, O, B-start_location, I-start_location, I-start_location, B-loca_start_num, O, O, O, O, O, O, B-end_location, B-loca_end_num, O, O, O, B-route_length, I-route_length, O, O, O"
Where should I run today?,"Where, should, I, run, today?","O, O, O, O, O"
plan route ending {end_location: sheshet hayamim street} {loca_end_num: 82},"plan, route, ending, sheshet, hayamim, street, 82","O, O, O, B-end_location, I-end_location, I-end_location, B-loca_end_num"
to {end_location: beit hadfus street} {loca_end_num: 30} please,"to, beit, hadfus, street, 30, please","O, B-end_location, I-end_location, I-end_location, B-loca_end_num, O"
i want to run {route_length: 13.0 kilometers} from {start_location: this point} to {end_location: rabbi ovadia yosef street},"i, want, to, run, 13.0, kilometers, from, this, point, to, rabbi, ovadia, yosef, street","O, O, O, O, B-route_length, I-route_length, O, B-start_location, I-start_location, O, B-end_location, I-end_location, I-end_location, I-end_location"
"{route_length: 13.0 kilometers} route from {start_location: susya street} {loca_start_num: 96} to {end_location: allenby street} {loca_end_num: 81}, not too hard","13.0, kilometers, route, from, susya, street, 96, to, allenby, street, 81, ,, not, too, hard","B-route_length, I-route_length, O, O, B-start_location, I-start_location, B-loca_start_num, O, B-end_location, I-end_location, B-loca_end_num, O, O, O, O"
"I want to run {route_length: short} starting at {start_location: tzfania street} {loca_start_num: 44} and ending at {end_location: ichilov street} {loca_end_num: 49}, with {difficulty: challenging} difficulty.","I, want, to, run, short, starting, at, tzfania, street, 44, and, ending, at, ichilov, street, 49, ,, with, challenging, difficulty.","O, O, O, O, B-route_length, O, O, B-start_location, I-start_location, B-loca_start_num, O, O, O, B-end_location, I-end_location, B-loca_end_num, O, O, B-difficulty, O"
wheres good for morning jog?,"wheres, good, for, morning, jog?","O, O, O, O, O"
Can you create a {difficulty: easy} route that begins at {start_location: menashe} {loca_start_num: 83} and finishes at {end_location: theodor herzl} {loca_end_num: 82} with a distance of {route_length: 9.5 kilometers}?,"Can, you, create, a, easy, route, that, begins, at, menashe, 83, and, finishes, at, theodor, herzl, 82, with, a, distance, of, 9.5, kilometers, ?","O, O, O, O, B-difficulty, O, O, O, O, B-start_location, B-loca_start_num, O, O, O, B-end_location, I-end_location, B-loca_end_num, O, O, O, O, B-route_length, I-route_length, O"
